category,subcategory,ID,Description,GeneRatio,BgRatio,RichFactor,FoldEnrichment,zScore,pvalue,p.adjust,qvalue,geneID,Count
Metabolism,Global and overview maps,hsa01240,Biosynthesis of cofactors,36/409,154/9447,0.23376623376623376,5.399485599974597,11.709375909644955,2.9923483309401656e-17,9.336126792533317e-15,3.937300435447587e-15,23057/55191/10201/217/2643/4337/158/1355/1352/112724/23475/1503/54995/55163/493911/10797/4522/1738/7372/51727/6470/1723/23498/8942/7390/7389/133686/29968/8564/25902/5498/1371/27430/129607/50808/80347,36
Metabolism,Global and overview maps,hsa01232,Nucleotide metabolism,25/409,85/9447,0.29411764705882354,6.793470444412484,11.413356855180094,7.861849337205401e-15,6.989426341187723e-13,2.947632566290369e-13,10201/1841/100526794/131870/3704/158/50484/132/100/978/1503/54963/3251/3614/124583/51727/1854/8833/1890/5167/51020/1635/2987/129607/50808,25
Organismal Systems,Immune system,hsa04659,Th17 cell differentiation,28/409,109/9447,0.25688073394495414,5.93337969089971,11.019967455232917,8.601825955596342e-15,6.989426341187723e-13,2.947632566290369e-13,4087/149233/6097/3662/2475/4790/3565/4772/51561/5599/861/6774/3091/6776/3559/6772/2353/2625/6778/5594/3725/3458/30009/3566/3594/7040/1432/5530,28
Human Diseases,Endocrine and metabolic disease,hsa04933,AGE-RAGE signaling pathway in diabetic complications,27/409,101/9447,0.26732673267326734,6.174659275218476,11.121900711404615,8.960803001522722e-15,6.989426341187723e-13,2.947632566290369e-13,4087/595/4790/4772/5599/6774/3576/6776/6772/5594/113026/2308/3725/596/7040/1906/3383/7124/1432/1027/1019/110117499/5290/7422/5579/581/3845,27
Human Diseases,Immune disease,hsa05321,Inflammatory bowel disease,22/409,66/9447,0.3333333333333333,7.699266503667482,11.617805748466795,1.806711015673941e-14,1.127387673780539e-12,4.754502672826161e-13,4087/149233/6097/4790/3586/3565/4772/51561/6774/6772/2625/6778/3725/3592/3458/3606/6775/30009/3566/3594/7040/7124,22
Metabolism,Global and overview maps,hsa01200,Carbon metabolism,28/409,117/9447,0.23931623931623933,5.527678515453577,10.482796321634948,6.03093042934927e-14,3.1360838232616205e-12,1.3225724625765945e-12,55902/2203/26007/7167/1892/5226/25796/5095/4329/1737/414328/5211/226/1738/5160/35/7086/6470/1431/6888/5315/2597/4967/51/26227/29968/5230/83440,28
Metabolism,Nucleotide metabolism,hsa00240,Pyrimidine metabolism,20/409,58/9447,0.3448275862068966,7.96475845206981,11.317743379362852,1.3712549888352397e-13,6.111879378808497e-12,2.5775469714948116e-12,10201/1841/100526794/50484/978/1503/54963/124583/7372/51727/1723/1854/1806/1890/5167/51020/51733/1635/129607/318,20
Metabolism,Amino acid metabolism,hsa00280,"Valine, leucine and isoleucine degradation",18/409,48/9447,0.375,8.661674816625917,11.32017042902216,4.3632819242279965e-13,1.7016799504489187e-11,7.176450533269732e-12,217/197322/18/1892/27034/5095/4329/56922/1738/35/5019/11112/65985/259307/3712/3033/1629/34,18
Metabolism,Nucleotide metabolism,hsa00230,Purine metabolism,25/409,128/9447,0.1953125,4.511288966992665,8.50817388081645,1.6132770141411162e-10,5.5926936490225355e-9,2.3585921259373045e-9,10201/100526794/131870/3704/158/50484/132/100/3251/3614/124583/55276/471/8833/5471/10846/5167/51020/374659/58497/2987/27115/318/2977/50808,25
Metabolism,Carbohydrate metabolism,hsa00640,Propanoate metabolism,13/409,32/9447,0.40625,9.383481051344743,10.105054733108801,2.550179110923036e-10,7.106907046933879e-9,2.9971773983358133e-9,55902/18/1892/5095/4329/31/1738/35/32/51/1629/55862/79611,13
Human Diseases,Infectious disease: viral,hsa05167,Kaposi sarcoma-associated herpesvirus infection,31/409,196/9447,0.15816326530612246,3.6532233920463053,7.984669946828355,2.784335749533516e-10,7.106907046933879e-9,2.9971773983358133e-9,595/1499/2475/4790/4772/5599/6774/3576/3091/6772/7157/2353/2919/5594/3661/3725/637/3383/1432/10379/4609/5743/5289/1019/51176/110117499/5290/7422/5530/581/3845,31
Organismal Systems,Immune system,hsa04658,Th1 and Th2 cell differentiation,21/409,93/9447,0.22580645161290322,5.215632147645713,8.69070393889214,2.89712350653712e-10,7.106907046933879e-9,2.9971773983358133e-9,4790/3565/4772/5599/6776/3559/6772/2353/2625/6778/5594/3725/3592/3458/6775/30009/3566/3594/182/1432/5530,21
Human Diseases,Infectious disease: viral,hsa05161,Hepatitis B,28/409,163/9447,0.17177914110429449,3.967720161399193,8.130151520445187,2.961211269555783e-10,7.106907046933879e-9,2.9971773983358133e-9,148327/4790/4772/5599/6774/468/3576/6776/6772/7157/2353/6778/5594/3661/3725/356/596/6775/7040/637/7124/1432/4609/110117499/5290/5579/581/3845,28
Human Diseases,Cancer: specific types,hsa05221,Acute myeloid leukemia,18/409,68/9447,0.2647058823529412,6.114123399971235,9.003198958441752,3.4131641120505776e-10,7.606480021141287e-9,3.2078610075663324e-9,595/2475/4790/861/6774/6776/5594/597/5371/1050/4609/6688/8864/51176/3684/110117499/5290/3845,18
Metabolism,Lipid metabolism,hsa00600,Sphingolipid metabolism,16/409,55/9447,0.2909090909090909,6.7193598577461655,9.048970695989016,7.174611312859481e-10,1.492319153074772e-8,6.293518695490773e-9,142891/2581/8611/130367/7368/2531/55331/2629/2717/9331/3073/166929/2720/410/7357/8879,16
Metabolism,Metabolism of other amino acids,hsa00410,beta-Alanine metabolism,12/409,31/9447,0.3870967741935484,8.941083681678366,9.420562835745075,2.4694085740990514e-9,4.8153467194931505e-8,2.0307636300156675e-8,217/18/55748/1892/4329/35/57571/54498/314/51/1806/51733,12
Metabolism,Carbohydrate metabolism,hsa00562,Inositol phosphate metabolism,18/409,78/9447,0.23076923076923078,5.33026142561595,8.16891268934583,3.817804025365176e-9,7.00679327008197e-8,2.9549566759792386e-8,3633/113026/4534/7167/10423/3612/4329/3632/253430/3705/3628/5728/23396/3631/5286/5289/5290/200576,18
Environmental Information Processing,Signal transduction,hsa04070,Phosphatidylinositol signaling system,20/409,98/9447,0.20408163265306123,4.713836634898458,7.861450967921024,5.1107184668808114e-9,8.858578675926739e-8,3.735905312047377e-8,139189/3633/113026/55529/4534/10423/3612/3632/253430/3705/3628/5728/23396/3631/5286/5289/110117499/5290/200576/5579,20
Environmental Information Processing,Signal transduction,hsa04066,HIF-1 signaling pathway,21/409,110/9447,0.19090909090909092,4.409579906645921,7.65143674564364,7.463272506498142e-9,1.2255479063302214e-7,5.16847126488791e-8,2475/4790/6774/3091/3479/3162/5594/596/3458/5211/226/1906/5160/2597/1027/2034/5230/110117499/5290/7422/5579,21
Metabolism,Glycan biosynthesis and metabolism,hsa00510,N-Glycan biosynthesis,15/409,56/9447,0.26785714285714285,6.186910583304226,8.281257913966371,8.690785829072566e-9,1.35576258933532e-7,5.717622255968793e-8,2683/29880/29929/79796/85365/56052/57171/2530/79087/8703/1798/6480/79053/4122/8704,15
Metabolism,Global and overview maps,hsa01212,Fatty acid metabolism,15/409,57/9447,0.2631578947368421,6.078368292369063,8.18047047125648,1.1334185884741329e-8,1.6839361885901403e-7,7.101620228534668e-8,197322/1892/54995/7923/31/35/27349/5538/51102/51/3033/34/2194/1376/84869,15
Metabolism,Global and overview maps,hsa01230,Biosynthesis of amino acids,17/409,75/9447,0.22666666666666666,5.235501222493887,7.8337328925279195,1.3924019200945332e-8,1.9746790866795199e-7,8.327762679991229e-8,7167/5211/226/7086/6470/1431/2752/6888/5315/2597/26227/29968/1491/5230/27430/4548/383,17
Metabolism,Lipid metabolism,hsa00061,Fatty acid biosynthesis,9/409,18/9447,0.5,11.548899755501223,9.529279299260091,1.682772538501259e-8,2.2827175304886644e-7,9.626845185933977e-8,197322/54995/7923/31/27349/32/51102/2194/84869,9
Human Diseases,Cancer: specific types,hsa05212,Pancreatic cancer,17/409,77/9447,0.22077922077922077,5.099514177753786,7.68347028427318,2.1250438629283566e-8,2.7625570218068636e-7,1.1650459774826518e-7,4087/595/2475/4790/5599/6774/6772/7157/5594/7040/1019/7039/110117499/5290/7422/581/3845,17
Metabolism,Glycan biosynthesis and metabolism,hsa00513,Various types of N-glycan biosynthesis,13/409,44/9447,0.29545454545454547,6.82434985552345,8.237397630692254,2.368697612073298e-8,2.892840805824896e-7,1.2199902183809448e-7,2683/79796/85365/56052/2530/79087/8703/3073/6487/283358/64377/4122/8704,13
Human Diseases,Cancer: specific types,hsa05210,Colorectal cancer,18/409,87/9447,0.20689655172413793,4.778855071241885,7.532365646841583,2.4107006715207467e-8,2.892840805824896e-7,1.2199902183809448e-7,4087/595/1499/2475/5599/7157/2353/5594/3725/596/7040/4609/7039/51176/110117499/5290/581/3845,18
Human Diseases,Infectious disease: parasitic,hsa05140,Leishmaniasis,17/409,79/9447,0.21518987341772153,4.970412553000527,7.538330879826858,3.196500975905097e-8,3.6937344610458897e-7,1.557749013598975e-7,4790/3586/3565/6772/2353/5594/3725/3592/3458/7040/7124/1432/5743/3684/2215/124905743/5579,17
Metabolism,Carbohydrate metabolism,hsa00030,Pentose phosphate pathway,11/409,31/9447,0.3548387096774194,8.195993374871836,8.536657019493562,3.390262839752344e-8,3.7777214500097544e-7,1.593168627703169e-7,2203/5226/25796/414328/5211/226/23729/7086/64080/55276/6888,11
Human Diseases,Drug resistance: antineoplastic,hsa01522,Endocrine resistance,19/409,99/9447,0.1919191919191919,4.432911017263096,7.304159495758031,3.578310052623067e-8,3.8497680566151616e-7,1.6235526554551122e-7,595/2475/5599/3479/7157/2353/5594/3725/596/182/6667/5566/1432/1027/1019/110117499/5290/581/3845,19
Organismal Systems,Development and regeneration,hsa04380,Osteoclast differentiation,23/409,143/9447,0.16083916083916083,3.7150306905808126,6.959168742730616,4.309774077901487e-8,4.4821650410175465e-7,1.890251788553284e-7,4790/4772/5599/6772/2353/5594/3725/3458/5468/4286/7040/1513/7124/8878/1432/10379/6688/110117499/5290/487/5530/2215/124905743,23
Metabolism,Carbohydrate metabolism,hsa00010,Glycolysis / Gluconeogenesis,15/409,67/9447,0.22388059701492538,5.1711491442542785,7.288550330444498,1.1933778012557772e-7,1.2010770128767823e-6,5.065270803292772e-7,55902/217/2203/7167/1737/5211/226/1738/5160/55276/5315/2597/5230/83440/130589,15
Metabolism,Amino acid metabolism,hsa00380,Tryptophan metabolism,12/409,42/9447,0.2857142857142857,6.59937128885784,7.736311844278881,1.253624258809152e-7,1.2222836523389232e-6,5.15470501155079e-7,217/1545/1892/55526/1738/56267/259307/23498/8942/8564/3033/26,12
Metabolism,Carbohydrate metabolism,hsa00051,Fructose and mannose metabolism,11/409,35/9447,0.3142857142857143,7.259308417743625,7.891669162731197,1.4277952689014416e-7,1.33524183940763e-6,5.631080631779816e-7,2203/26007/7167/231/6652/3795/5211/226/5207/8790/197258,11
Human Diseases,Infectious disease: viral,hsa05163,Human cytomegalovirus infection,29/409,227/9447,0.1277533039647577,2.950820201846127,6.328695034411876,1.4550712352519045e-7,1.33524183940763e-6,5.631080631779816e-7,595/1499/148327/2475/4790/4772/6774/468/3576/7157/2770/5594/3661/356/6667/5566/637/7124/1432/4609/5743/1019/110117499/5290/7422/5530/5579/581/3845,29
Human Diseases,Cardiovascular disease,hsa05417,Lipid and atherosclerosis,28/409,216/9447,0.12962962962962962,2.9941591958706875,6.306839540796579,1.76382350285812e-7,1.5723226654049526e-6,6.630915424278648e-7,4790/4772/5599/6774/468/3576/7157/2353/2919/5594/3661/3725/356/3592/596/3606/5468/4780/637/3383/7124/1432/10451/110117499/5290/5530/581/3845,28
Human Diseases,Endocrine and metabolic disease,hsa04936,Alcoholic liver disease,22/409,144/9447,0.1527777777777778,3.528830480847596,6.504874308564001,2.17227526901896e-7,1.8826385664830986e-6,7.939602591443567e-7,595/1499/10891/51422/4790/5599/217/3576/5465/2919/3661/2308/356/3592/31/7124/1432/32/51/34/2194/51176,22
Organismal Systems,Aging,hsa04211,Longevity regulating pathway,17/409,90/9447,0.18888888888888888,4.362917685411573,6.818967699671557,2.408928268861058e-7,1.97785689443329e-6,8.34116436586239e-7,10891/51422/148327/2475/4790/468/3479/7157/2308/143686/5468/10919/5566/110117499/5290/581/3845,17
Human Diseases,Cancer: overview,hsa05235,PD-L1 expression and PD-1 checkpoint pathway in cancer,17/409,90/9447,0.18888888888888888,4.362917685411573,6.818967699671557,2.408928268861058e-7,1.97785689443329e-6,8.34116436586239e-7,2475/4790/4772/6774/29126/3091/6772/2353/5594/3725/3458/5728/1432/110117499/5290/5530/3845,17
Metabolism,Xenobiotics biodegradation and metabolism,hsa00983,Drug metabolism - other enzymes,16/409,81/9447,0.19753086419753085,4.562528298469618,6.849726193487442,2.872316659365678e-7,2.2978533274925423e-6,9.69067698841322e-7,10201/3704/50484/119391/978/54963/3251/3614/7372/51727/1854/8833/1806/1890/7172/51733,16
Metabolism,Lipid metabolism,hsa00564,Glycerophospholipid metabolism,18/409,103/9447,0.17475728155339806,4.036508652408195,6.591377369234409,3.6293156968357254e-7,2.7194111197921765e-6,1.1468501686033135e-6,142891/139189/10390/10400/122618/10162/8611/5130/100137049/10423/23761/10434/166929/81490/3931/11145/54675/10554,18
Human Diseases,Infectious disease: parasitic,hsa05142,Chagas disease,18/409,103/9447,0.17475728155339806,4.036508652408195,6.591377369234409,3.6293156968357254e-7,2.7194111197921765e-6,1.1468501686033135e-6,4087/4790/3586/5599/3576/2353/1636/2770/5594/3725/356/3592/3458/7040/7124/1432/110117499/5290,18
Metabolism,Carbohydrate metabolism,hsa00520,Amino sugar and nucleotide sugar metabolism,11/409,38/9447,0.2894736842105263,6.686205121605971,7.471228900450173,3.6607457381817757e-7,2.7194111197921765e-6,1.1468501686033135e-6,55276/3073/51005/55577/5973/10007/8790/197258/5238/64841/2673,11
Metabolism,Metabolism of cofactors and vitamins,hsa00670,One carbon pool by folate,11/409,39/9447,0.28205128205128205,6.514763964641715,7.3410813102814725,4.902847769570849e-7,3.5317760048699918e-6,1.489446695711029e-6,27232/10797/4522/1738/6470/10768/471/1491/25902/27430/4548,11
Human Diseases,Infectious disease: viral,hsa05162,Measles,21/409,139/9447,0.1510791366906475,3.4895956095759093,6.290098963866309,4.98070975045768e-7,3.5317760048699918e-6,1.489446695711029e-6,595/4790/5599/6774/6776/3559/6772/7157/2353/3661/3725/356/3592/596/637/10379/1027/1019/110117499/5290/581,21
Human Diseases,Cancer: specific types,hsa05215,Prostate cancer,18/409,106/9447,0.16981132075471697,3.922267841490981,6.43614354458113,5.659813409980234e-7,3.924137297586295e-6,1.6549162017486065e-6,595/1499/148327/2475/4790/468/3479/7157/5594/2308/596/5728/1027/7039/51176/110117499/5290/3845,18
Human Diseases,Cardiovascular disease,hsa05418,Fluid shear stress and atherosclerosis,21/409,142/9447,0.14788732394366197,3.415871758669376,6.170343143305167,7.165115861271619e-7,4.85981771460162e-6,2.0495182669541246e-6,1499/10365/4790/5599/3162/7157/2353/3725/596/119391/3458/4780/1906/3383/7124/8878/1432/25828/110117499/5290/7422,21
Environmental Information Processing,Signal transduction,hsa04668,TNF signaling pathway,19/409,119/9447,0.15966386554621848,3.6878839555382052,6.276812895557877,7.363921429808118e-7,4.888390395957729e-6,2.0615681494423624e-6,148327/4790/5599/468/2353/2919/3627/5594/1051/3725/182/1906/3383/7124/1432/9252/5743/110117499/5290,19
Human Diseases,Cancer: overview,hsa05231,Choline metabolism in cancer,17/409,99/9447,0.1717171717171717,3.966288804919612,6.311333568700491,9.936935604166227e-7,6.459008142708048e-6,2.7239406809666197e-6,2475/139189/5599/3091/2353/8611/5594/5130/3725/100137049/6667/23396/10434/110117499/5290/5579/3845,17
Human Diseases,Infectious disease: viral,hsa05166,Human T-cell leukemia virus 1 infection,27/409,224/9447,0.12053571428571429,2.784109762486902,5.748558173301674,1.2693080257862755e-6,8.082124572353428e-6,3.408453345290751e-6,4087/595/148327/4790/4772/5599/468/6776/3559/7157/2353/5594/2224/3725/7040/5566/3383/5728/7124/4609/6688/1019/110117499/5290/5530/581/3845,27
Metabolism,Glycan biosynthesis and metabolism,hsa00601,Glycosphingolipid biosynthesis - lacto and neolacto series,9/409,28/9447,0.32142857142857145,7.424292699965073,7.241881150408951,1.6230947633390007e-6,1.0128111323235364e-5,4.271302008786844e-6,8707/2683/8702/2651/8706/8703/6487/8704/84002,9
Organismal Systems,Immune system,hsa04625,C-type lectin receptor signaling pathway,17/409,105/9447,0.1619047619047619,3.739643730352777,6.005072623749309,2.323097899089045e-6,1.4211893029721217e-5,5.993544631292687e-6,4790/3586/4772/51561/5599/6772/5594/3725/3592/7124/1432/10379/5743/110117499/5290/5530/3845,17
Environmental Information Processing,Signal transduction,hsa04630,JAK-STAT signaling pathway,22/409,168/9447,0.13095238095238096,3.0247118407265106,5.632701441637364,3.175603861676118e-6,1.875538111094947e-5,7.909658025872752e-6,149233/595/2475/3586/3565/51561/6774/6776/3559/6772/6778/3592/596/3458/6775/3566/3594/10379/4609/1441/110117499/5290,22
Metabolism,Glycan biosynthesis and metabolism,hsa00515,Mannose type O-glycan biosynthesis,8/409,23/9447,0.34782608695652173,8.034017221218242,7.184543235924881,3.1860102528215444e-6,1.875538111094947e-5,7.909658025872752e-6,2683/11041/120071/55624/10585/8703/6487/8704,8
Metabolism,Metabolism of cofactors and vitamins,hsa00760,Nicotinate and nicotinamide metabolism,10/409,38/9447,0.2631578947368421,6.078368292369063,6.672578836262872,3.29513172001865e-6,1.903853882677442e-5,8.029073391858309e-6,23057/55191/22933/100526794/23098/23475/133686/25961/5167/4837,10
Human Diseases,Infectious disease: bacterial,hsa05152,Tuberculosis,23/409,182/9447,0.12637362637362637,2.9189526854563526,5.560664654705045,3.5163905303980687e-6,1.9947524463349046e-5,8.412417536837487e-6,4790/3586/51561/5599/6772/5594/1051/3592/596/3458/3606/7040/637/7124/1432/5289/5993/972/3684/5530/2215/124905743/581,23
Metabolism,Carbohydrate metabolism,hsa00620,Pyruvate metabolism,11/409,47/9447,0.23404255319148937,5.405867970660147,6.44118743293205,3.72445557214661e-6,2.0750538187673968e-5,8.751070423276809e-6,55902/217/3029/2739/31/1737/1738/5160/32/5315/197257,11
Human Diseases,Endocrine and metabolic disease,hsa04931,Insulin resistance,17/409,109/9447,0.1559633027522936,3.602409098046253,5.813147449115478,3.9438149230499735e-6,2.1587197473536697e-5,9.103912564750631e-6,10891/51422/148327/2475/4790/5599/6774/5465/2308/5728/7124/22877/32/2673/110117499/5290/5579,17
Human Diseases,Cancer: specific types,hsa05220,Chronic myeloid leukemia,14/409,77/9447,0.18181818181818182,4.1995999110913536,5.996815664607276,4.503080864010047e-6,2.37326726603192e-5,1.0008718227192645e-5,595/4790/861/6776/7157/5594/7040/4609/1027/1019/110117499/5290/581/3845,14
Environmental Information Processing,Signal transduction,hsa04071,Sphingolipid signaling pathway,18/409,122/9447,0.14754098360655737,3.407872059000361,5.694273967190115,4.635937879561432e-6,2.37326726603192e-5,1.0008718227192645e-5,4790/5599/7157/2770/5594/130367/596/637/5728/7124/1432/166929/110117499/5290/8879/5579/581/3845,18
Organismal Systems,Endocrine system,hsa04919,Thyroid hormone signaling pathway,18/409,122/9447,0.14754098360655737,3.407872059000361,5.694273967190115,4.635937879561432e-6,2.37326726603192e-5,1.0008718227192645e-5,595/1499/2475/3091/6772/7157/5594/113026/2308/5211/5566/7068/4609/110117499/5290/487/5579/3845,18
Human Diseases,Infectious disease: viral,hsa05160,Hepatitis C,21/409,159/9447,0.1320754716981132,3.0506527656040965,5.547266658035646,4.64004177012651e-6,2.37326726603192e-5,1.0008718227192645e-5,595/1499/4790/6774/6772/7157/5465/3627/5594/3661/356/3458/637/7124/10379/4609/1019/110117499/5290/581/3845,21
Human Diseases,Infectious disease: bacterial,hsa05133,Pertussis,14/409,78/9447,0.1794871794871795,4.145758886590182,5.934382976111813,5.275177813491296e-6,2.6546056093698134e-5,1.1195199094845706e-5,4790/3586/51561/5599/3576/2353/2770/5594/3661/3725/3592/7124/1432/3684,14
Metabolism,Carbohydrate metabolism,hsa00052,Galactose metabolism,9/409,32/9447,0.28125,6.496256112469438,6.6249292511705065,5.6478440903266625e-6,2.7970275494951093e-5,1.179583143343079e-5,2683/231/5211/2717/55276/2720/8704/130589/8972,9
Human Diseases,Cancer: specific types,hsa05219,Bladder cancer,10/409,41/9447,0.24390243902439024,5.633609636829864,6.324968117580588,6.954019932048174e-6,3.375913793735499e-5,1.4237153313661856e-5,595/3576/7157/5594/4609/9252/1890/1019/7422/3845,10
Metabolism,Amino acid metabolism,hsa00330,Arginine and proline metabolism,11/409,50/9447,0.22,5.081515892420538,6.15547166846605,7.103341370313745e-6,3.375913793735499e-5,1.4237153313661856e-5,262/217/55748/57571/54498/4942/8659/2593/2628/383/26,11
Human Diseases,Cancer: overview,hsa05207,Chemical carcinogenesis - receptor activation,25/409,217/9447,0.1152073732718894,2.6610368100233233,5.265719603285176,7.141356102132787e-6,3.375913793735499e-5,1.4237153313661856e-5,595/148327/2475/4790/6774/10728/468/6776/5465/2353/2770/5594/3725/596/119391/1545/182/5566/4609/2052/110117499/5290/7422/5579/3845,25
Human Diseases,Cancer: overview,hsa05230,Central carbon metabolism in cancer,13/409,71/9447,0.18309859154929578,4.22917455835256,5.809802288468867,9.12146701764118e-6,4.247608521647833e-5,1.7913328785626826e-5,2475/3091/7157/27165/5594/5211/5160/5728/4609/5315/110117499/5290/3845,13
Metabolism,Amino acid metabolism,hsa00270,Cysteine and methionine metabolism,11/409,52/9447,0.21153846153846154,4.886072973481286,5.977418829798813,1.06228906401886e-5,4.874032176086534e-5,2.055512894773336e-5,262/27232/10768/56267/4357/259307/26227/29968/1491/27430/4548,11
Organismal Systems,Immune system,hsa04657,IL-17 signaling pathway,15/409,95/9447,0.15789473684210525,3.6470209754214387,5.515900106116097,1.252916831813738e-5,5.665363065592554e-5,2.3892388097134597e-5,4790/3565/5599/3576/2353/2919/3627/5594/6279/1051/3725/3458/7124/1432/5743,15
Human Diseases,Cancer: specific types,hsa05225,Hepatocellular carcinoma,21/409,170/9447,0.12352941176470589,2.853257586653243,5.186876710839437,1.3364680256307768e-5,5.956828914240034e-5,2.512157942914994e-5,4087/595/1499/2475/3162/7157/5594/119391/4780/7040/5728/4609/10587/1019/7039/51176/110117499/5290/5579/581/3845,21
Metabolism,Glycan biosynthesis and metabolism,hsa00533,Glycosaminoglycan biosynthesis - keratan sulfate,6/409,14/9447,0.42857142857142855,9.899056933286762,7.088144164406945,1.417901661361091e-5,6.230779131614936e-5,2.6276902545609552e-5,2683/2530/8702/8703/6487/8704,6
Organismal Systems,Immune system,hsa04620,Toll-like receptor signaling pathway,16/409,109/9447,0.14678899082568808,3.3905026805141203,5.339800175832075,1.674406178374681e-5,7.255760106290284e-5,3.0599528113572394e-5,4790/5599/3576/6772/2353/3627/5594/3661/3725/3592/1513/7124/1432/10379/110117499/5290,16
Human Diseases,Infectious disease: viral,hsa05164,Influenza A,21/409,173/9447,0.12138728323699421,2.8037791313933607,5.093570481412782,1.751852352955329e-5,7.4873689605762e-5,3.1576286102295044e-5,4790/3576/6772/3627/5594/3661/2224/356/3592/3458/3606/637/3383/7124/5371/10379/1019/110117499/5290/5579/581,21
Organismal Systems,Immune system,hsa04660,T cell receptor signaling pathway,17/409,122/9447,0.13934426229508196,3.2185458335003405,5.246544448862343,1.848837782441853e-5,7.691165174958109e-5,3.243575056915532e-5,4790/3586/3565/4772/5599/2353/5594/3725/3458/7124/1432/1019/10451/110117499/5290/5530/3845,17
Organismal Systems,Endocrine system,hsa04935,"Growth hormone synthesis, secretion and action",17/409,122/9447,0.13934426229508196,3.2185458335003405,5.246544448862343,1.848837782441853e-5,7.691165174958109e-5,3.243575056915532e-5,148327/2475/5599/6774/468/6776/6772/3479/2353/2770/5594/5566/1432/110117499/5290/5579/3845,17
Human Diseases,Cancer: specific types,hsa05214,Glioma,13/409,76/9447,0.17105263157894737,3.950939390039892,5.494441741593611,1.968775548899044e-5,8.082341727059234e-5,3.408544925379232e-5,595/2475/3479/7157/5594/5728/1019/7039/110117499/5290/5579/581/3845,13
Metabolism,Amino acid metabolism,hsa00250,"Alanine, aspartate and glutamate metabolism",9/409,37/9447,0.24324324324324326,5.618383664838433,5.987499840393214,2.0657503356378e-5,8.158406388848021e-5,3.440623477078282e-5,27165/158/18/8659/2752/56954/259307/5471/2673,9
Metabolism,Global and overview maps,hsa01250,Biosynthesis of nucleotide sugars,9/409,37/9447,0.24324324324324326,5.618383664838433,5.987499840393214,2.0657503356378e-5,8.158406388848021e-5,3.440623477078282e-5,54187/55276/55577/140838/8790/197258/5238/64841/2673,9
Human Diseases,Cancer: specific types,hsa05216,Thyroid cancer,9/409,37/9447,0.24324324324324326,5.618383664838433,5.987499840393214,2.0657503356378e-5,8.158406388848021e-5,3.440623477078282e-5,595/1499/7157/5594/5468/4609/51176/581/3845,9
Human Diseases,Infectious disease: parasitic,hsa05146,Amoebiasis,15/409,103/9447,0.14563106796116504,3.363757210340162,5.131029602120279,3.37564607566508e-5,1.3165019695093812e-4,5.5520494665544085e-5,4790/3586/3576/2919/3592/3458/7040/5566/7124/1511/3684/110117499/383/5290/5579,15
Human Diseases,Drug resistance: antineoplastic,hsa01521,EGFR tyrosine kinase inhibitor resistance,13/409,80/9447,0.1625,3.7533924205378972,5.2609273204489835,3.470521099267451e-5,1.3367933123104256e-4,5.6376236180432935e-5,2475/6774/3479/5594/596/5728/7039/110117499/5290/7422/5579/581/3845,13
Metabolism,Metabolism of terpenoids and polyketides,hsa00900,Terpenoid backbone biosynthesis,7/409,23/9447,0.30434782608695654,7.029765068565962,6.158800366155316,3.6326392993052886e-5,1.3821749529064023e-4,5.829010428923762e-5,3422/2224/2342/100529261/23590/9986/10269,7
Human Diseases,Cancer: specific types,hsa05213,Endometrial cancer,11/409,59/9447,0.1864406779661017,4.306369400356388,5.419263828534982,3.745050076589349e-5,1.4077778601155144e-4,5.9369849026463995e-5,595/1499/7157/5594/5728/4609/51176/110117499/5290/581/3845,11
Organismal Systems,Endocrine system,hsa04926,Relaxin signaling pathway,17/409,130/9447,0.13076923076923078,3.0204814745157043,4.934440963346263,4.268802747121117e-5,1.5855553060735577e-4,6.686721095114531e-5,4087/148327/4790/5599/468/2353/2770/5594/3725/7040/1906/5566/1432/110117499/5290/7422/3845,17
Cellular Processes,Cell growth and death,hsa04218,Cellular senescence,19/409,157/9447,0.12101910828025478,2.7952751000576206,4.8252790355281086,4.582568917852555e-5,1.6625133748488337e-4,7.011274354119577e-5,4087/595/2475/4790/4772/3576/7157/5594/2308/7040/5728/8878/1432/4609/1019/110117499/5290/5530/3845,19
Human Diseases,Endocrine and metabolic disease,hsa04932,Non-alcoholic fatty liver disease,19/409,157/9447,0.12101910828025478,2.7952751000576206,4.8252790355281086,4.582568917852555e-5,1.6625133748488337e-4,7.011274354119577e-5,51422/4790/5599/468/3576/5465/2353/3725/356/5468/7040/637/7124/1432/1050/22877/110117499/5290/581,19
Organismal Systems,Endocrine system,hsa04917,Prolactin signaling pathway,12/409,71/9447,0.16901408450704225,3.903853438479286,5.224497482992121,4.6426230290589975e-5,1.6649406724901232e-4,7.021510933241074e-5,595/4790/5599/6774/6776/6772/2353/5594/1432/110117499/5290/3845,12
Metabolism,Amino acid metabolism,hsa00260,"Glycine, serine and threonine metabolism",9/409,41/9447,0.21951219512195122,5.070248673146877,5.555969342702738,4.9874382374724146e-5,1.7682735569220378e-4,7.457294015359474e-5,27232/1738/6470/314/2593/2628/26227/29968/1491,9
Metabolism,Metabolism of other amino acids,hsa00450,Selenocompound metabolism,6/409,17/9447,0.35294117647058826,8.15216453329498,6.278495208580338,5.229126223232783e-5,1.833131889492841e-4,7.730819372017716e-5,56267/1491/10587/22928/51540/4548,6
Organismal Systems,Endocrine system,hsa04922,Glucagon signaling pathway,15/409,107/9447,0.14018691588785046,3.238009277243333,4.952560497641053,5.3215992600445425e-5,1.8448210768154416e-4,7.780115877258103e-5,10891/51422/148327/468/5465/2308/2203/31/5211/5160/5566/5207/32/5315/5530,15
Environmental Information Processing,Signal transduction,hsa04068,FoxO signaling pathway,17/409,133/9447,0.12781954887218044,2.952350313436402,4.823529137476184,5.729954606778804e-5,1.9645558651813042e-4,8.285070281635056e-5,595/51422/10365/3586/5599/6774/3479/5594/2308/356/7040/5728/1432/1027/110117499/5290/3845,17
Human Diseases,Cancer: specific types,hsa05223,Non-small cell lung cancer,12/409,73/9447,0.1643835616438356,3.796898549753826,5.10299479486205,6.164762968142818e-5,2.090658745717999e-4,8.816880675261466e-5,595/6774/6776/7157/5594/1019/7039/110117499/5290/5579/581/3845,12
Human Diseases,Cancer: specific types,hsa05224,Breast cancer,18/409,148/9447,0.12162162162162163,2.8091918324192164,4.7189655670123445,6.780919711429795e-5,2.2748891935119313e-4,9.593830944297956e-5,595/1499/2475/3479/7157/2353/5594/3725/182/6667/5728/4609/1019/51176/110117499/5290/581/3845,18
Environmental Information Processing,Signal transduction,hsa04152,AMPK signaling pathway,16/409,122/9447,0.13114754098360656,3.029219608000321,4.798814930534572,6.898637058609562e-5,2.2897603854108331e-4,9.656546834559857e-5,595/10891/51422/148327/2475/3479/2308/2203/5468/31/5211/5207/32/2194/110117499/5290,16
Metabolism,Lipid metabolism,hsa00590,Arachidonic acid metabolism,11/409,63/9447,0.1746031746031746,4.032949120968681,5.1379616245267785,7.050463153435658e-5,2.3155205303915003e-4,9.765184423041078e-5,10728/27306/239/246/2879/240/100137049/5743/11145/5742/247,11
Cellular Processes,Cell growth and death,hsa04210,Apoptosis,17/409,137/9447,0.12408759124087591,2.866150304284975,4.680384357104607,8.356544945449801e-5,2.7158771072711854e-4,1.1453597787074838e-4,4790/5599/468/7157/2353/5594/597/3725/356/596/1513/637/7124/110117499/5290/581/3845,17
Metabolism,Carbohydrate metabolism,hsa00650,Butanoate metabolism,7/409,27/9447,0.25925925925925924,5.988318391741375,5.521537835106042,1.1321273511299658e-4,3.64148178920154e-4,1.53571263039876e-4,18/1892/35/5019/65985/622/3033,7
Metabolism,Metabolism of cofactors and vitamins,hsa00860,Porphyrin metabolism,9/409,46/9447,0.1956521739130435,4.519134686935261,5.089524794186053,1.2942816896764877e-4,4.1205702773373893e-4,1.737757370671976e-4,3162/3052/1355/1352/7390/7389/644/5498/1371,9
Metabolism,Metabolism of cofactors and vitamins,hsa00785,Lipoic acid metabolism,6/409,20/9447,0.3,6.929339853300733,5.6465612578167175,1.4658968936382753e-4,4.5895722112765825e-4,1.9355483347151581e-4,1737/55526/1738/5160/4967/1629,6
Human Diseases,Infectious disease: parasitic,hsa05143,African trypanosomiasis,8/409,37/9447,0.21621621621621623,4.9941188131897185,5.178172168448806,1.47101673438352e-4,4.5895722112765825e-4,1.9355483347151581e-4,3586/356/3592/3458/3606/3383/7124/5579,8
Organismal Systems,Immune system,hsa04664,Fc epsilon RI signaling pathway,11/409,69/9447,0.15942028985507245,3.6822578930583605,4.756849588504043,1.6532629465243023e-4,5.107109300154281e-4,2.1538079032364544e-4,3565/5599/5594/240/100137049/7124/1432/10451/110117499/5290/3845,11
Human Diseases,Cancer: overview,hsa05205,Proteoglycans in cancer,21/409,204/9447,0.10294117647058823,2.377714655544369,4.231724068624167,1.973491357625367e-4,6.03656179979524e-4,2.545783485068843e-4,4087/595/1499/2475/6774/3091/3479/7157/5594/356/7040/5566/7124/1432/4609/10451/110117499/5290/7422/5579/3845,21
Human Diseases,Infectious disease: viral,hsa05169,Epstein-Barr virus infection,21/409,205/9447,0.1024390243902439,2.3661160474685428,4.206597869030433,2.1126882041067857e-4,6.399599220206963e-4,2.698886310816027e-4,595/4790/5599/6774/6772/7157/3627/3661/3725/596/637/3383/7124/1432/10379/4609/1027/1019/110117499/5290/581,21
Environmental Information Processing,Signal transduction,hsa04370,VEGF signaling pathway,10/409,60/9447,0.16666666666666666,3.849633251833741,4.7103224934881345,2.23976245372374e-4,6.71928736117122e-4,2.833707557848862e-4,5594/100137049/1432/5743/110117499/5290/7422/5530/5579/3845,10
Human Diseases,Cancer: specific types,hsa05218,Melanoma,11/409,73/9447,0.1506849315068493,3.480490337274341,4.525701971181857,2.7613166246839236e-4,8.205055113346516e-4,3.460296522160305e-4,595/3479/7157/5594/4286/5728/1019/110117499/5290/581/3845,11
Human Diseases,Infectious disease: bacterial,hsa05135,Yersinia infection,16/409,138/9447,0.11594202898550725,2.6780057404060806,4.22406824729844,2.976602228534642e-4,8.761319767007624e-4,3.6948885657083445e-4,4790/3586/4772/5599/3576/2353/5594/3661/3725/3606/23396/7124/1432/10451/110117499/5290,16
Environmental Information Processing,Signal transduction,hsa04012,ErbB signaling pathway,12/409,86/9447,0.13953488372093023,3.2229487689770853,4.405214022735571,3.084137592467061e-4,8.979828784307964e-4,3.787039804448366e-4,2475/5599/6776/5594/3725/4609/1027/7039/110117499/5290/5579/3845,12
Metabolism,Glycan biosynthesis and metabolism,hsa00604,Glycosphingolipid biosynthesis - ganglio series,5/409,15/9447,0.3333333333333333,7.699266503667482,5.523577405299614,3.1084022714912183e-4,8.979828784307964e-4,3.787039804448366e-4,3073/8705/2720/256435/29906,5
Human Diseases,Infectious disease: parasitic,hsa05145,Toxoplasmosis,14/409,112/9447,0.125,2.8872249388753057,4.273906070479529,3.236764188175859e-4,9.264866300099706e-4,3.9072479335778117e-4,4790/3586/5599/6774/6772/2770/5594/3592/596/240/3458/7040/7124/1432,14
Human Diseases,Infectious disease: viral,hsa05170,Human immunodeficiency virus 1 infection,21/409,214/9447,0.09813084112149532,2.2666064940703334,3.986820065741671,3.8085748651684056e-4,0.0010802503253932204,4.555711561206227e-4,2475/4790/4772/5599/2353/2770/5594/85363/3661/3725/356/596/637/7124/1432/110117499/5290/5530/5579/581/3845,21
Metabolism,Global and overview maps,hsa01210,2-Oxocarboxylic acid metabolism,7/409,33/9447,0.21212121212121213,4.899533229606579,4.773445347638371,4.3495757048717343e-4,0.0012107181827781634,5.105930258005076e-4,1737/55526/1738/5160/1431/4967/1629,7
Human Diseases,Cancer: overview,hsa05202,Transcriptional misregulation in cancer,20/409,201/9447,0.09950248756218906,2.2982885085574574,3.9576898159295686,4.359684884226769e-4,0.0012107181827781634,5.105930258005076e-4,4790/861/3576/3479/7157/597/2308/1051/5468/4286/2530/6667/5371/1050/4609/6688/1027/8864/3684/581,20
Metabolism,Lipid metabolism,hsa00561,Glycerolipid metabolism,10/409,65/9447,0.15384615384615385,3.5535076170772992,4.3943594434658415,4.384972905574759e-4,0.0012107181827781634,5.105930258005076e-4,139189/11343/4023/217/8611/26007/231/2717/1056/10554,10
Cellular Processes,Cell growth and death,hsa04217,Necroptosis,17/409,159/9447,0.1069182389937107,2.4695760483461733,3.975383034697731,5.093774349813718e-4,0.0013940856115279648,5.879240939304845e-4,5599/6774/6776/6772/246/6778/356/596/100137049/3458/6775/637/7124/8878/10379/2752/581,17
Human Diseases,Cancer: specific types,hsa05222,Small cell lung cancer,12/409,93/9447,0.12903225806451613,2.980361227226122,4.082598413501267,6.395701335528632e-4,0.0017351815797260288,7.31773608184054e-4,595/4790/7157/596/5728/4609/5743/1027/1019/110117499/5290/581,12
Organismal Systems,Nervous system,hsa04722,Neurotrophin signaling pathway,14/409,120/9447,0.11666666666666667,2.694743276283619,3.974413143028786,6.585543105528461e-4,0.001771284007693862,7.469989910989634e-4,4790/5599/468/7157/5594/3725/356/596/1432/9252/110117499/5290/581/3845,14
Organismal Systems,Immune system,hsa04650,Natural killer cell mediated cytotoxicity,15/409,134/9447,0.11194029850746269,2.5855745721271393,3.9322735878828587,6.644180400515351e-4,0.0017717814401374268,7.472087719877813e-4,4772/5594/356/3458/637/3383/7124/10451/110117499/5290/5530/2215/124905743/5579/3845,15
Human Diseases,Immune disease,hsa05323,Rheumatoid arthritis,12/409,95/9447,0.12631578947368421,2.917616780337151,3.9959572290384466,7.762926168243303e-4,0.0020525703088914494,8.656251302679865e-4,51561/3576/2353/2919/3725/3458/3606/7040/1513/3383/7124/7422,12
Organismal Systems,Endocrine system,hsa04920,Adipocytokine signaling pathway,10/409,70/9447,0.14285714285714285,3.29968564442892,4.108043108638133,8.015342227072591e-4,0.0020839889790388736,8.788752441965561e-4,10891/51422/5443/2475/4790/5599/6774/5465/7124/32,10
Human Diseases,Cancer: specific types,hsa05211,Renal cell carcinoma,10/409,70/9447,0.14285714285714285,3.29968564442892,4.108043108638133,8.015342227072591e-4,0.0020839889790388736,8.788752441965561e-4,3091/5594/3725/7040/2034/7039/110117499/5290/7422/3845,10
Metabolism,Glycan biosynthesis and metabolism,hsa00514,Other types of O-glycan biosynthesis,8/409,47/9447,0.1702127659574468,3.9315403422982884,4.2857845350086174,8.201882545907343e-4,0.002114865582085199,8.918967535784408e-4,2683/10585/8703/6487/6480/100528030/29071/8704,8
Organismal Systems,Endocrine system,hsa04910,Insulin signaling pathway,15/409,138/9447,0.10869565217391304,2.5106303816307003,3.802731823138074,9.042493375672729e-4,0.002312506502631059,9.752473442269984e-4,10891/51422/2475/5599/5594/2308/2203/31/3632/5566/32/2194/110117499/5290/3845,15
Organismal Systems,Excretory system,hsa04960,Aldosterone-regulated sodium reabsorption,7/409,38/9447,0.18421052631578946,4.254857804658345,4.276628643700967,0.0010660873668712604,0.0027042216135270995,0.0011404443376885544,3479/5594/110117499/5290/5579/3845/4306,7
Human Diseases,Infectious disease: parasitic,hsa05144,Malaria,8/409,50/9447,0.16,3.6956479217603913,4.06539747679753,0.00125033626439858,0.0031460073749383626,0.0013267574961784595,3586/3576/3592/3458/3606/7040/3383/7124,8
Organismal Systems,Endocrine system,hsa04916,Melanogenesis,12/409,101/9447,0.1188118811881188,2.7442930112082116,3.749010833459298,0.001340652635246938,0.0033462689775763574,0.0014112133002599349,1499/148327/5443/2770/5594/1638/4286/1906/5566/51176/5579/3845,12
Organismal Systems,Nervous system,hsa04726,Serotonergic synapse,13/409,115/9447,0.11304347826086956,2.6110555968959286,3.697613717139272,0.0013645260593339184,0.0033788264326363696,0.0014249436709836243,239/246/10411/2770/5594/240/100137049/5566/5743/5742/5579/247/3845,13
Cellular Processes,Cell growth and death,hsa04115,p53 signaling pathway,10/409,75/9447,0.13333333333333333,3.0797066014669925,3.8465024928328764,0.0013820168719389271,0.00339519105547201,0.0014318450807489923,595/3479/7157/50484/143686/596/637/5728/1019/581,10
Human Diseases,Cancer: overview,hsa05203,Viral carcinogenesis,19/409,205/9447,0.09268292682926829,2.1407716619953487,3.512708639425039,0.0014192731063317945,0.00342734780869379,0.0014454064645301073,595/148327/4790/6774/468/6776/7157/5594/3661/3725/5566/10379/5315/1027/1019/110117499/5290/581/3845,19
Human Diseases,Cardiovascular disease,hsa05415,Diabetic cardiomyopathy,19/409,205/9447,0.09268292682926829,2.1407716619953487,3.512708639425039,0.0014192731063317945,0.00342734780869379,0.0014454064645301073,4087/2475/4790/5599/5465/5164/1636/7040/6667/5160/5728/1432/2597/1376/2673/110117499/5290/487/5579,19
Metabolism,Lipid metabolism,hsa00565,Ether lipid metabolism,8/409,51/9447,0.1568627450980392,3.623184237019991,3.995690435538733,0.001428061586955746,0.00342734780869379,0.0014454064645301073,10390/122618/8611/7368/100137049/5048/284161/11145,8
Metabolism,Metabolism of cofactors and vitamins,hsa00770,Pantothenate and CoA biosynthesis,5/409,21/9447,0.23809523809523808,5.499476074048201,4.39093827971593,0.0016987874159458353,0.004045966975382447,0.0017062951144494129,217/1806/5167/51733/80347,5
Organismal Systems,Immune system,hsa04662,B cell receptor signaling pathway,11/409,91/9447,0.12087912087912088,2.792041699132164,3.6540388188457227,0.001829059261819288,0.004323230982481954,0.001823224942004873,4790/4772/2353/5594/3725/10451/110117499/5290/5530/5579/3845,11
Environmental Information Processing,Signal transduction,hsa04024,cAMP signaling pathway,20/409,226/9447,0.08849557522123894,2.044053054071013,3.379381582086722,0.0018804877600000526,0.004411369782857266,0.0018603954887218565,148327/5443/4790/4772/5599/5465/2353/10411/2770/5594/3725/1906/5566/2735/51/10846/10451/110117499/5290/487,20
Human Diseases,Cancer: specific types,hsa05226,Gastric cancer,15/409,150/9447,0.1,2.3097799511002446,3.439711422052241,0.002103711615098272,0.004898194208288514,0.0020657026856817284,4087/595/1499/2475/7157/5594/596/7040/4609/1027/51176/110117499/5290/581/3845,15
Metabolism,Carbohydrate metabolism,hsa00630,Glyoxylate and dicarboxylate metabolism,6/409,32/9447,0.1875,4.330837408312958,4.014835139716787,0.002206014694621414,0.005098345072013934,0.002150111788130033,55902/5095/1738/6470/1431/2752,6
Metabolism,Lipid metabolism,hsa00071,Fatty acid degradation,7/409,43/9447,0.16279069767441862,3.760106897139933,3.858808940051955,0.0022599508904062823,0.005184593219167353,0.0021864849945881218,217/1892/35/51/3033/34/1376,7
Human Diseases,Infectious disease: viral,hsa05168,Herpes simplex virus 1 infection,17/409,183/9447,0.09289617486338798,2.1456972223335606,3.329243710603766,0.002426724931889495,0.0055265560492665875,0.002330700088253453,2475/4790/6772/7157/3661/356/3592/596/3458/637/7124/5371/10379/972/110117499/5290/581,17
Organismal Systems,Endocrine system,hsa04614,Renin-angiotensin system,5/409,23/9447,0.21739130434782608,5.021260763261401,4.107314626616185,0.0026156436829484556,0.00591362919623129,0.002493939438356651,1636/4311/1511/2028/290,5
Organismal Systems,Endocrine system,hsa04915,Estrogen signaling pathway,14/409,139/9447,0.10071942446043165,2.326397073050606,3.3512144794841365,0.0027379700472238535,0.006145659386574405,0.0025917929261869118,148327/5443/468/2353/2770/5594/3725/596/6667/5566/7039/110117499/5290/3845,14
Organismal Systems,Endocrine system,hsa04921,Oxytocin signaling pathway,15/409,155/9447,0.0967741935483871,2.2352709204195915,3.29854886724511,0.0028965153648828016,0.006455091384595958,0.002722288876769551,595/51422/4772/2353/2770/5594/3725/100137049/5997/5566/5743/5530/5579/2977/3845,15
Metabolism,Metabolism of other amino acids,hsa00480,Glutathione metabolism,8/409,59/9447,0.13559322033898305,3.1319050184410098,3.4942725247409587,0.0036806238553491375,0.008087004527245993,0.003410511355957318,27306/50484/2879/119391/5226/10314/494143/290,8
Organismal Systems,Endocrine system,hsa04923,Regulation of lipolysis in adipocytes,8/409,59/9447,0.13559322033898305,3.1319050184410098,3.4942725247409587,0.0036806238553491375,0.008087004527245993,0.003410511355957318,11343/2770/5566/5743/110117499/11145/5290/5742,8
Organismal Systems,Immune system,hsa04622,RIG-I-like receptor signaling pathway,9/409,72/9447,0.125,2.8872249388753057,3.4194301217613465,0.0037080634367782066,0.008090320225697905,0.0034119096768294144,4790/5599/3576/3627/3661/3592/26007/7124/1432,9
Human Diseases,Endocrine and metabolic disease,hsa04930,Type II diabetes mellitus,7/409,47/9447,0.14893617021276595,3.4400977995110025,3.5673169023674727,0.0038025378700162426,0.008238832051701858,0.003474541182397883,2475/5599/5594/7124/5315/110117499/5290,7
Metabolism,Glycan biosynthesis and metabolism,hsa00603,Glycosphingolipid biosynthesis - globo and isoglobo series,4/409,16/9447,0.25,5.7744498777506115,4.065873977719202,0.0041608395303517325,0.008952978851515452,0.003775716452224803,8706/2717/3073/4668,4
Human Diseases,Drug resistance: antineoplastic,hsa01524,Platinum drug resistance,9/409,75/9447,0.12,2.771735941320293,3.276898150019299,0.004883946384796834,0.010436926520935702,0.0044015378377765275,7157/5594/356/596/119391/637/110117499/5290/581,9
Organismal Systems,Aging,hsa04213,Longevity regulating pathway - multiple species,8/409,62/9447,0.12903225806451613,2.980361227226122,3.3279176975035125,0.005014998627261598,0.010644078719085842,0.004488899594756175,51422/2475/3479/2308/5566/110117499/5290/3845,8
Human Diseases,Infectious disease: viral,hsa05165,Human papillomavirus infection,25/409,333/9447,0.07507507507507508,1.734069032357541,2.9010416498001783,0.005131737038646718,0.010818256459849835,0.0045623551197072525,595/1499/148327/2475/4790/6772/7157/5594/3661/2308/356/182/5566/5728/7124/10379/5743/5315/1027/1019/110117499/5290/7422/581/3845,25
Metabolism,Amino acid metabolism,hsa00310,Lysine degradation,8/409,63/9447,0.12698412698412698,2.9330539061590404,3.2746862515170094,0.0055333193552507,0.011586547911665895,0.004886364672598641,217/1892/10919/5351/79823/55526/1738/3033,8
Cellular Processes,Transport and catabolism,hsa04137,Mitophagy - animal,11/409,105/9447,0.10476190476190476,2.4197694725812084,3.1120173391065573,0.00561692394059225,0.011683201796431881,0.004927126263677414,5599/468/5071/3091/7157/665/3725/4286/6667/8878/3845,11
Human Diseases,Immune disease,hsa05330,Allograft rejection,6/409,39/9447,0.15384615384615385,3.5535076170772992,3.3991494764917656,0.006155660425397535,0.012718980481616099,0.005363942510803011,3586/3565/356/3592/3458/7124,6
Human Diseases,Infectious disease: bacterial,hsa05131,Shigellosis,20/409,253/9447,0.07905138339920949,1.8259130048223275,2.832642530675762,0.0067749109784863565,0.013906396218998312,0.005864708256999963,2475/4790/5599/3576/7157/5594/3661/113026/2308/3725/596/3606/7124/8878/1432/9252/5289/110117499/5290/581,20
Metabolism,Energy metabolism,hsa00920,Sulfur metabolism,3/409,10/9447,0.3,6.929339853300733,3.9906057337215044,0.007699074240439648,0.01570007296089654,0.006621150877571077,4357/23474/6821,3
Metabolism,Glycan biosynthesis and metabolism,hsa00531,Glycosaminoglycan degradation,4/409,19/9447,0.21052631578947367,4.862694633895251,3.585145996269343,0.007996251777436595,0.01620019840623518,0.006832067479012813,3073/2720/6448/3425,4
Metabolism,Carbohydrate metabolism,hsa00020,Citrate cycle (TCA cycle),5/409,30/9447,0.16666666666666666,3.849633251833741,3.3253913910451423,0.0086406535467611,0.0172813070935222,0.0072880006298592275,1737/1738/5160/1431/4967,5
Human Diseases,Drug resistance: antineoplastic,hsa01523,Antifolate resistance,5/409,30/9447,0.16666666666666666,3.849633251833741,3.3253913910451423,0.0086406535467611,0.0172813070935222,0.0072880006298592275,4790/6470/7124/471/4548,5
Cellular Processes,Cell growth and death,hsa04216,Ferroptosis,6/409,42/9447,0.14285714285714285,3.29968564442892,3.177336234965514,0.00887781681458774,0.017642540421346335,0.0074403426203383674,10162/3162/7157/246/2879/5621,6
Human Diseases,Infectious disease: bacterial,hsa05134,Legionellosis,7/409,56/9447,0.125,2.8872249388753057,3.0130838404659595,0.010058769923733751,0.019862887444335002,0.008376723787253291,4790/3576/2919/3592/3606/7124/3684,7
Organismal Systems,Immune system,hsa04666,Fc gamma R-mediated phagocytosis,10/409,99/9447,0.10101010101010101,2.333111061717419,2.836442823999099,0.01038607321776572,0.020380219144294998,0.008594896737641279,8611/5594/100137049/23396/10451/110117499/5290/2215/124905743/5579,10
Environmental Information Processing,Signal transduction,hsa04010,MAPK signaling pathway,22/409,300/9447,0.07333333333333333,1.6938386308068458,2.59794061962592,0.010876176788876963,0.021191607649190966,0.00893708149847797,4790/4772/5599/468/3479/7157/2353/5594/3725/356/100137049/7040/5566/7124/1432/4609/9252/7039/7422/5530/5579/3845,22
Organismal Systems,Endocrine system,hsa04928,"Parathyroid hormone synthesis, secretion and action",11/409,115/9447,0.09565217391304348,2.2093547358350167,2.7756501195406997,0.010935412921537645,0.021191607649190966,0.00893708149847797,148327/468/2353/2625/2770/5594/596/6667/5566/4929/5579,11
Organismal Systems,Nervous system,hsa04725,Cholinergic synapse,11/409,116/9447,0.09482758620689655,2.190308574319197,2.743935623761145,0.011627959057600981,0.022394587814638926,0.009444411190384165,148327/468/2353/2770/5594/596/5566/110117499/5290/5579/3845,11
Cellular Processes,Transport and catabolism,hsa04142,Lysosome,12/409,133/9447,0.09022556390977443,2.0840119859551076,2.678189136264459,0.01252481291019983,0.02397387501829661,0.010110439869389597,2581/2629/1513/2717/3073/5538/1511/2720/410/4668/6448/3425,12
Human Diseases,Infectious disease: bacterial,hsa05132,Salmonella infection,19/409,251/9447,0.07569721115537849,1.7484390068089501,2.5564850027926864,0.0126767431412602,0.02411673085410477,0.01017068608894432,1499/4790/5599/3576/2353/5594/3725/596/3606/7124/1432/4609/5286/5289/2597/25828/51176/5290/581,19
Metabolism,Amino acid metabolism,hsa00340,Histidine metabolism,4/409,22/9447,0.18181818181818182,4.1995999110913536,3.1960663978643966,0.01362470170666115,0.02576307231805017,0.010864993386492145,217/55748/57571/26,4
Organismal Systems,Nervous system,hsa04730,Long-term depression,7/409,60/9447,0.11666666666666667,2.694743276283619,2.8013385125365082,0.014462463683012369,0.027182461862047345,0.011463588841956538,3479/2770/5594/100137049/5579/2977/3845,7
Human Diseases,Infectious disease: viral,hsa05171,Coronavirus disease - COVID-19,18/409,238/9447,0.07563025210084033,1.7468923999917814,2.482502751177969,0.015142076961523539,0.028289389293385293,0.011930410464484353,4790/5599/6774/3576/6772/2353/1636/3627/5594/3661/3725/3592/7124/1432/10379/110117499/5290/5579,18
Human Diseases,Endocrine and metabolic disease,hsa04934,Cushing syndrome,13/409,155/9447,0.08387096774193549,1.9372347976969793,2.5027018196428994,0.016882994307001097,0.03135413228443061,0.013222896543703868,595/1499/148327/5443/468/2770/5594/57552/6667/5566/1027/1019/51176,13
Organismal Systems,Immune system,hsa04621,NOD-like receptor signaling pathway,15/409,189/9447,0.07936507936507936,1.8331586913494002,2.4612146933493313,0.017118564811547596,0.031603504267472486,0.013328063540600746,4790/5599/3576/6772/2919/5594/3661/3725/596/3606/7124/1432/10379/114769/25828,15
Environmental Information Processing,Signal transduction,hsa04371,Apelin signaling pathway,12/409,140/9447,0.08571428571428572,1.9798113866573523,2.4845692116308653,0.018191424782344826,0.033386614894656386,0.014080050141133766,4087/595/10891/51422/2475/10365/2770/5594/182/5566/5289/3845,12
Human Diseases,Substance dependence,hsa05030,Cocaine addiction,6/409,49/9447,0.12244897959183673,2.828301980939075,2.729466105516095,0.018386627860047477,0.03354753153412171,0.014147913096373867,148327/4790/468/2770/3725/5566,6
Cellular Processes,Transport and catabolism,hsa04148,Efferocytosis,13/409,157/9447,0.08280254777070063,1.9125566474078457,2.452738557632513,0.018591528062950884,0.03372416718395742,0.014222405188915916,3586/4772/3091/246/5594/1051/240/5468/7040/1432/5743/383/487,13
Organismal Systems,Endocrine system,hsa04912,GnRH signaling pathway,9/409,93/9447,0.0967741935483871,2.2352709204195915,2.5465632383709766,0.018988972387030026,0.034246008004354726,0.01444247975892153,5599/468/5594/3725/100137049/5566/1432/5579/3845,9
Human Diseases,Cancer: overview,hsa05208,Chemical carcinogenesis - reactive oxygen species,17/409,227/9447,0.07488986784140969,1.7297911528063503,2.367530149909513,0.01956385752523345,0.035080020390073775,0.014794205630091843,4790/5599/3091/3162/2353/5594/3725/119391/1545/4780/5728/1432/2052/110117499/5290/7422/3845,17
Organismal Systems,Endocrine system,hsa04913,Ovarian steroidogenesis,6/409,52/9447,0.11538461538461539,2.665130712807975,2.561244666462936,0.02403717313247362,0.042854845813324396,0.018073062505619266,3479/240/100137049/1545/5566/5743,6
Organismal Systems,Nervous system,hsa04720,Long-term potentiation,7/409,67/9447,0.1044776119402985,2.41320293398533,2.4693916125421573,0.025214484883563943,0.044698405020863356,0.018850541928501753,468/10411/5594/5566/5530/5579/3845,7
Organismal Systems,Sensory system,hsa04750,Inflammatory mediator regulation of TRP channels,9/409,99/9447,0.09090909090909091,2.0997999555456768,2.340029860470329,0.02730739124008916,0.048135062524902926,0.020299874546602117,5599/3479/239/100137049/5566/1432/110117499/5290/5579,9
Environmental Information Processing,Signal transduction,hsa04072,Phospholipase D signaling pathway,12/409,149/9447,0.08053691275167785,1.860225463973351,2.2514386309538668,0.02806505174015584,0.04919267496027316,0.020745898684325727,2475/139189/3576/8611/10411/5594/100137049/23396/110117499/5290/10554/3845,12
Organismal Systems,Immune system,hsa04670,Leukocyte transendothelial migration,10/409,116/9447,0.08620689655172414,1.9911896130174525,2.284920522072346,0.02859574875544624,0.04984286933910183,0.02102010346622041,1499/10411/2770/3383/1432/3684/10451/110117499/5290/5579,10
