predictor,outcome,DCE,ABS(DCE),p_value,adj_p_value
ALDOA,PFKL,0.328570488,0.328570488,0.009271779,0.198504099
GAPDH,PGK1,-0.159139624,0.159139624,0.002304836,0.108059229
PDHA1,DLD,0.206981469,0.206981469,0.021460353,0.266336859
ALDOA,TPI1,-0.131805488,0.131805488,0.028603341,0.293775638
ALDOA,GAPDH,-0.220672899,0.220672899,0.003955216,0.136650225
ACSS2,ALDH2,-0.711334549,0.711334549,9.37E-06,0.010191279
GALM,ADPGK,0.095022907,0.095022907,0.001214713,0.073422671
DLD,PDHA1,0.312877702,0.312877702,0.020453389,0.258188879
PGLS,IDNK,-0.337543668,0.337543668,0.040006862,0.329753528
PGM2,RBKS,-0.257444976,0.257444976,0.023597416,0.278057641
TKT,PFKL,0.23773492,0.23773492,0.014088391,0.229777562
TKT,FBP1,-0.245950288,0.245950288,0.048654856,0.354865638
RBKS,PGM2,-0.240345157,0.240345157,0.028188733,0.291164633
FBP1,TALDO1,-0.223077471,0.223077471,0.013448804,0.224372645
TALDO1,TKT,-0.179893445,0.179893445,0.003518569,0.132007009
PGLS,PGD,-0.402901703,0.402901703,0.037605629,0.322164759
SHPK,TKT,0.308766422,0.308766422,0.012625203,0.222816645
SORD,KHK,-0.33273776,0.33273776,0.025314624,0.288789598
HK1,PFKFB1,-0.254684552,0.254684552,0.039714024,0.329001458
PFKL,ALDOA,0.203632697,0.203632697,0.019231695,0.255171762
ALDOA,TKFC,0.273219419,0.273219419,0.011214394,0.212812686
TKFC,ALDOA,0.280900672,0.280900672,0.010712508,0.208057667
TPI1,TKFC,0.422031832,0.422031832,0.004043736,0.136650225
KHK,ALDOA,0.131400668,0.131400668,0.00959922,0.200845216
GLA,GLB1,-0.173206312,0.173206312,0.000757199,0.056170425
GALM,GLB1,0.080512092,0.080512092,0.015155107,0.230388821
FASN,ACACA,-0.090478637,0.090478637,0.040266274,0.3304633
MCAT,ACACA,-0.152023011,0.152023011,0.022634216,0.27761394
FASN,MECR,-0.162505989,0.162505989,0.020645618,0.258188879
OXSM,MECR,-0.225415128,0.225415128,0.026053292,0.290358147
ACACA,MCAT,-0.311688619,0.311688619,0.035729862,0.313500727
OXSM,CBR4,0.12534997,0.12534997,0.029564955,0.299689482
OXSM,HSD17B8,-0.407139094,0.407139094,0.010596431,0.208057667
ECHS1,HADH,-0.194416867,0.194416867,0.006135549,0.165613279
MECR,ECHS1,-0.211028751,0.211028751,0.022960877,0.27761394
ECHS1,MECR,-0.181396332,0.181396332,0.037357038,0.320877298
MECR,PPT1,0.253288888,0.253288888,0.023874703,0.280313065
ACADM,CPT2,-0.15273736,0.15273736,0.03633953,0.316299266
ACADM,ACAT1,0.174449165,0.174449165,0.015276799,0.23084941
ECHS1,ACOX1,0.208883864,0.208883864,0.029233451,0.297252286
CYP7B1,HSD3B7,0.193901167,0.193901167,0.003997754,0.136650225
ATIC,NT5C1B-RDH14,0.211280815,0.211280815,0.038970008,0.326148986
CANT1,IMPDH1,-0.258272782,0.258272782,0.00042411,0.043259171
ADK,ADA,-0.428489034,0.428489034,0.00413594,0.136650225
RRM2B,NME6,-0.168859171,0.168859171,0.003860236,0.136650225
ITPA,NME6,0.196286656,0.196286656,0.000483804,0.045118212
NT5C1B-RDH14,ITPA,-0.115365272,0.115365272,0.048736182,0.354865638
ITPA,GMPS,-0.207225896,0.207225896,0.001287307,0.075031633
GUK1,NT5C1B-RDH14,-0.14334642,0.14334642,0.009754339,0.201507352
PRUNE1,HDDC3,-0.165352998,0.165352998,0.037992544,0.322461703
GUCY1A2,NUDT2,0.083526384,0.083526384,0.015175734,0.230388821
CANT1,NME6,-0.16016876,0.16016876,0.004071338,0.136650225
ADSL,NT5C1B-RDH14,0.48435626,0.48435626,0.012985106,0.22329868
PDE7B,ADSL,-0.052941517,0.052941517,0.026756359,0.290358147
PDE7B,AK6,-0.079818248,0.079818248,0.026042143,0.290358147
PDE7B,NT5C1B-RDH14,-0.131599071,0.131599071,0.014772015,0.230388821
NUDT16,NME6,-0.097682899,0.097682899,0.012206984,0.222816645
NME6,NUDT16,-0.711548812,0.711548812,0.017214157,0.249720032
NME6,ITPA,0.644634562,0.644634562,0.001487445,0.085175808
ENPP1,PDE10A,0.183456732,0.183456732,0.04529959,0.340120375
CAD,DHODH,-0.267735337,0.267735337,0.030967053,0.306744971
UCKL1,UMPS,-0.294178908,0.294178908,4.87E-05,0.017647493
NT5C1B-RDH14,UMPS,-0.197413323,0.197413323,0.000877267,0.060923375
CANT1,UMPS,0.314482654,0.314482654,5.45E-05,0.017790227
CANT1,UCKL1,0.340075248,0.340075248,0.004835513,0.147505734
CMPK2,NT5C1B-RDH14,0.119127561,0.119127561,0.022829842,0.27761394
NME6,CTPS1,0.413272246,0.413272246,0.028006174,0.291164633
CTPS1,NME6,0.150330632,0.150330632,0.015021975,0.230388821
NME6,RRM2B,-0.479536416,0.479536416,0.013272042,0.22329868
UCKL1,CDA,0.413474191,0.413474191,0.001147244,0.071189126
NT5C1B-RDH14,DCTD,-0.148770703,0.148770703,0.002534075,0.113304379
DUT,DTYMK,-0.258360994,0.258360994,0.006869102,0.166079629
NME6,DTYMK,0.793950719,0.793950719,0.001004695,0.065586517
TYMP,DPYD,-0.204328975,0.204328975,0.007624102,0.175246966
DTYMK,HDDC2,-0.181233078,0.181233078,0.038851359,0.325991867
PPAT,CAD,-0.164625989,0.164625989,0.007701801,0.175794956
PPAT,GLUL,-0.193935197,0.193935197,0.028181978,0.291164633
CAD,GLS2,0.599814843,0.599814843,0.019043103,0.253785215
CAD,GLUL,-0.271033844,0.271033844,0.038035464,0.322461703
NIT2,IL4I1,-0.243395371,0.243395371,0.019763786,0.255988083
GAMT,GATM,0.236164784,0.236164784,0.018813259,0.253785215
MTR,KYAT3,0.12234406,0.12234406,0.045137305,0.340120375
AHCYL1,KYAT3,-0.276590331,0.276590331,0.030027155,0.302495781
MAT2B,AMD1,0.155204899,0.155204899,0.037050532,0.319869451
PSAT1,PHGDH,0.207751298,0.207751298,0.037929716,0.322461703
AMD1,GNMT,-0.808216523,0.808216523,0.001265457,0.075031633
ECHS1,IVD,-0.148592795,0.148592795,0.041463863,0.335234622
MCCC1,IVD,-0.194101808,0.194101808,0.043048034,0.33945918
MCCC1,ECHS1,-0.342843179,0.342843179,0.01603668,0.240103055
ACAT1,OXCT1,-0.275108803,0.275108803,0.032219402,0.306744971
ALDH6A1,HIBADH,-0.262924966,0.262924966,0.0009118,0.062002402
ALDH6A1,ABAT,0.217994413,0.217994413,0.047295,0.349255388
ACAD8,ECHS1,0.407800643,0.407800643,0.016442158,0.241744162
ACSF3,ALDH2,0.610019315,0.610019315,0.002298649,0.108059229
AACS,ACAT1,-0.248125827,0.248125827,0.0142907,0.229777562
EHMT2,PLOD1,0.361418539,0.361418539,0.00508482,0.153674568
CAMKMT,EHMT2,-0.33089837,0.33089837,0.007590646,0.175246966
EHMT2,CAMKMT,-0.2124554,0.2124554,0.017334875,0.250358551
DHTKD1,DLD,-0.230217043,0.230217043,0.000327845,0.042726105
ALDH2,CARNS1,0.297753527,0.297753527,0.042549322,0.337909944
AOC1,SAT2,-0.030827382,0.030827382,0.047087586,0.349255388
OAT,ALDH4A1,-0.273931602,0.273931602,0.013987903,0.229429731
ARG1,ODC1,0.107424764,0.107424764,0.020566192,0.258188879
MIF,IL4I1,-0.10901297,0.10901297,0.049775052,0.354865638
KMO,KYNU,-0.196305183,0.196305183,0.033375058,0.307710339
HAAO,KYNU,-0.231354961,0.231354961,0.014191738,0.229777562
ABAT,ALDH2,-0.471512219,0.471512219,0.002802283,0.118787704
CARNS1,ALDH2,0.185273547,0.185273547,0.009070811,0.197380841
UPB1,CNDP2,0.150547639,0.150547639,0.000941821,0.062736833
CNDP2,ALDH2,0.428394415,0.428394415,0.012101145,0.222816645
AOC2,SMOX,0.274800751,0.274800751,0.02986021,0.301745277
PCYT1A,CEPT1,-0.198862691,0.198862691,0.003364862,0.13074894
CTH,TXNRD2,-0.200055254,0.200055254,0.001662816,0.09045721
SEPHS2,SCLY,0.158641198,0.158641198,0.036972497,0.319869451
GSS,LANCL1,-0.354485997,0.354485997,0.001853501,0.09917748
LANCL1,GPX4,-0.374301497,0.374301497,0.009332844,0.198504099
CHAC2,GSS,-0.099345564,0.099345564,0.024197982,0.281088555
MGAM,AGL,-0.093883649,0.093883649,0.006358301,0.165613279
DOLPP1,ALG5,-0.355250476,0.355250476,3.85E-05,0.017647493
DOLPP1,DPAGT1,-0.227188581,0.227188581,0.000458939,0.045118212
ALG6,ALG5,0.825396823,0.825396823,0.00021043,0.042726105
ALG2,ALG1,-0.6047256,0.6047256,4.85E-10,1.58E-06
ALG12,ALG9,-0.338811695,0.338811695,0.00245973,0.11150777
ALG6,ALG9,0.659334114,0.659334114,0.000113446,0.03085734
FUT8,B4GALT1,0.349636344,0.349636344,0.000405793,0.042726105
B4GALT1,ST6GAL1,0.219516415,0.219516415,0.049607525,0.354865638
ALG8,ALG6,0.19175922,0.19175922,0.00336052,0.13074894
POC1B-GALNT4,C1GALT1C1,-0.178579316,0.178579316,0.04344302,0.340120375
GCNT1,POC1B-GALNT4,-0.198849493,0.198849493,0.043131685,0.33945918
MAN2A2,FUT8,0.154963727,0.154963727,0.030329413,0.303666265
B4GALT1,ST3GAL3,0.249520481,0.249520481,0.005601495,0.161798932
B4GALNT3,CHST8,0.238104554,0.238104554,0.039547092,0.32892196
POMT1,POMGNT1,-0.314739513,0.314739513,0.008303936,0.185392803
B4GAT1,LARGE2,-0.365001765,0.365001765,0.015088254,0.230388821
NAGK,RENBP,0.241942237,0.241942237,0.007937523,0.178676377
NAGK,AMDHD2,0.255524055,0.255524055,0.049224213,0.354865638
GNPNAT1,PGM3,-0.16060265,0.16060265,0.000382375,0.042726105
AMDHD2,GFPT1,-0.137967164,0.137967164,0.041470776,0.335234622
GNPDA1,GPI,-0.231421109,0.231421109,0.044679166,0.340120375
FCSK,FPGT,0.179877261,0.179877261,0.044920594,0.340120375
IDUA,ARSB,0.118542706,0.118542706,0.031233979,0.306744971
IDUA,SGSH,0.150482183,0.150482183,0.035366847,0.313500727
EXTL2,EXT1,0.354147103,0.354147103,0.000475653,0.045118212
NANS,NPL,-0.353427242,0.353427242,0.012265535,0.222816645
NANP,NPL,-0.214089266,0.214089266,0.022232128,0.274869944
AKR1B1,ALDH2,0.419041772,0.419041772,0.00201835,0.104569735
CEL,MGLL,-0.153413486,0.153413486,0.027422755,0.29060998
MGLL,LPL,0.765067883,0.765067883,0.004703742,0.146219191
CEL,CEL,-2.20E-17,2.20E-17,0.008420954,0.185716169
PLCD3,PTEN,-0.170100878,0.170100878,0.027310034,0.290358147
PLCD3,PIK3CA,-0.106477373,0.106477373,0.009551761,0.200845216
PLCD3,INPP5B,0.089965522,0.089965522,0.034344097,0.308813033
PIK3C2A,INPP4A,0.241654892,0.241654892,0.03842724,0.324099514
INPP4A,PIK3C3,-0.222025725,0.222025725,0.032100394,0.306744971
ITPK1,INPP1,-0.174354901,0.174354901,0.027850259,0.291164633
IMPA1,CDIPT,-0.366258345,0.366258345,0.041698914,0.335234622
PLD4,AGPAT1,-0.080339105,0.080339105,0.015160521,0.230388821
PGS1,CRLS1,-0.103084913,0.103084913,0.000565062,0.048535822
PLAAT3,LCAT,-0.120835903,0.120835903,0.031995188,0.306744971
LPCAT3,CEPT1,-0.213253067,0.213253067,0.002800604,0.118787704
LPCAT3,PLD4,0.697717433,0.697717433,0.049256321,0.354865638
CEPT1,PEMT,0.719300621,0.719300621,0.012655109,0.222816645
CEPT1,LPCAT3,-0.458550922,0.458550922,0.003714451,0.136224344
PLA2G4B,PISD,0.324083901,0.324083901,0.025392958,0.288789598
PTDSS2,LPCAT3,0.222349033,0.222349033,0.036119678,0.315226278
LPCAT3,LYPLA1,-0.2630803,0.2630803,0.003916341,0.136650225
CEPT1,PCYT1A,-0.475046646,0.475046646,0.006640349,0.165613279
LYPLA1,LPCAT3,-0.248073837,0.248073837,0.012603735,0.222816645
PLD4,PLD4,2.24E-17,2.24E-17,0.01656287,0.242426933
LPCAT3,PTDSS2,0.216140224,0.216140224,0.039603655,0.32892196
SAMD8,PTDSS2,0.199305496,0.199305496,0.027251064,0.290358147
SAMD8,DGKK,-0.940297935,0.940297935,0.039853892,0.329324315
PAFAH1B1,CEPT1,-0.317257089,0.317257089,0.020409104,0.258188879
GDPD1,PLA2G4B,-0.184499531,0.184499531,0.018552021,0.253785215
PTGES3,HPGDS,-0.750332796,0.750332796,0.02640063,0.290358147
PLA2G4B,ALOX5,0.459469265,0.459469265,0.018568885,0.253785215
ALOX15,PLA2G4B,-0.026880125,0.026880125,0.041686664,0.335234622
ALOX15,ALOX5,0.054147128,0.054147128,0.027517569,0.29067102
ALOX15,PTGS1,-0.05761469,0.05761469,0.048280307,0.354127913
ALOX12,PTGS1,-0.104982492,0.104982492,0.015544496,0.233812148
ALOX15B,PTGS1,0.091965218,0.091965218,0.012344824,0.222816645
ALOX12,ALOX15,-0.580588896,0.580588896,0.04726523,0.349255388
GPX4,ALOX12,-0.466843307,0.466843307,0.002152739,0.108059229
SGPP2,UGT8,0.478141128,0.478141128,0.012177743,0.222816645
GBA1,GALC,-0.119657345,0.119657345,0.038299545,0.323859365
UGT8,UGCG,0.143021826,0.143021826,0.016977104,0.247380661
SGPP2,SGPL1,0.096800319,0.096800319,0.006489571,0.165613279
GLA,GALC,-0.198855836,0.198855836,0.003284516,0.13074894
KDSR,ACER3,0.443122628,0.443122628,2.60E-05,0.017647493
PLPP1,ACER3,0.106644883,0.106644883,0.026924495,0.290358147
SGMS2,PLPP1,0.230241344,0.230241344,0.049479166,0.354865638
B4GALT6,ARSA,-0.167246182,0.167246182,0.018559403,0.253785215
GLA,B4GALT6,-0.268652494,0.268652494,0.022389409,0.275769934
GALC,PLPP1,0.612085768,0.612085768,0.032986362,0.306744971
GBA1,PLPP1,0.335354291,0.335354291,0.024835211,0.286438617
UGT8,SGPP2,0.143176542,0.143176542,0.009903955,0.203311383
B4GALT2,B3GNT5,0.153292759,0.153292759,0.047606591,0.350762782
GCNT2,B4GALT1,-0.147547187,0.147547187,0.034483864,0.309217944
B4GALT4,GCNT2,-0.339713822,0.339713822,0.016228657,0.240103055
B4GALT1,B3GALT2,0.833201916,0.833201916,0.008349492,0.185392803
B4GALT3,B3GALNT1,-0.291633661,0.291633661,0.002570954,0.113399902
NAGA,HEXA,0.158934466,0.158934466,0.006279716,0.165613279
ST8SIA5,ST6GALNAC3,-0.101419898,0.101419898,0.04777077,0.351179717
HEXA,B3GALT4,0.256600983,0.256600983,0.027209128,0.290358147
GLO1,HAGH,-0.507194033,0.507194033,0.016199359,0.240103055
ACACA,DLAT,-0.345286872,0.345286872,0.002155675,0.108059229
ACSS2,ACACA,0.220712461,0.220712461,0.01162923,0.218148308
ACAT1,ACACA,-0.265759126,0.265759126,0.002385361,0.109659396
LDHD,ME3,-0.17970972,0.17970972,0.0357247,0.313500727
CS,ACAT1,-0.297771623,0.297771623,0.041070221,0.335133006
ACSS3,ACSS2,-0.091161363,0.091161363,0.00968249,0.201297126
ALDH6A1,ACSS2,0.249342227,0.249342227,0.005372578,0.159419039
ALDH6A1,ACADS,-0.312694104,0.312694104,0.032945374,0.306744971
ALDH6A1,PCCA,-0.363872564,0.363872564,0.000704764,0.054778608
ALDH6A1,ACACA,-0.237279324,0.237279324,0.001144349,0.071189126
ALDH6A1,DBT,-0.181198949,0.181198949,0.007790323,0.176580662
ACOX1,ECHDC1,-0.159847032,0.159847032,0.010582087,0.208057667
ACOX1,ACSS2,-0.119893448,0.119893448,0.044677914,0.340120375
OXCT1,ACAT1,0.133849417,0.133849417,0.007498899,0.175246966
BDH1,OXCT1,-0.225923189,0.225923189,0.005787953,0.164277193
MTHFD2,SHMT1,0.306120964,0.306120964,0.014481393,0.230388821
MTHFD1,MTHFD2,0.348295242,0.348295242,0.000868797,0.060923375
MTHFD1L,MTHFD2,0.162936543,0.162936543,0.03548768,0.313500727
PHOSPHO2,PNPO,-0.216748112,0.216748112,0.000559782,0.048535822
PNPO,PHOSPHO2,-0.385785502,0.385785502,0.013210172,0.22329868
SARM1,NADK2,-0.114043858,0.114043858,0.033464685,0.307710339
NADSYN1,SARM1,0.514194511,0.514194511,0.012765537,0.222816645
NUDT13,SARM1,-0.213272841,0.213272841,0.011786754,0.219839808
NMNAT2,SARM1,0.079193383,0.079193383,0.019928881,0.257106195
NADSYN1,NADK2,0.21428779,0.21428779,0.034120332,0.308500726
NMNAT2,NADK2,0.057922006,0.057922006,0.007197034,0.171468027
NADSYN1,NMNAT2,-2.055636923,2.055636923,4.65E-05,0.017647493
NMNAT2,NADSYN1,-0.050297759,0.050297759,0.008879427,0.194513081
QPRT,NMNAT2,0.414460862,0.414460862,0.012476087,0.222816645
SIRT2,NMNAT2,-1.401861144,1.401861144,0.03857195,0.324481559
NNMT,BST1,-0.083635235,0.083635235,0.017590614,0.250723854
NT5C1B-RDH14,NMNAT2,0.75380548,0.75380548,0.000596003,0.049880886
COASY,COASY,1.56E-17,1.56E-17,0.016256978,0.240103055
OGDH,DLD,-0.209710888,0.209710888,0.031862329,0.306744971
DLD,DHTKD1,-0.32132508,0.32132508,0.024038248,0.281088555
GCH1,MOCS1,-0.62567136,0.62567136,0.003059662,0.126414407
RETSAT,RDH13,0.473044255,0.473044255,0.033326431,0.307710339
UROD,UROS,-0.226790023,0.226790023,0.007059758,0.16943419
PPOX,CPOX,-0.158173001,0.158173001,0.019049442,0.253785215
COX15,COX10,0.480603258,0.480603258,0.005959561,0.165613279
HMOX1,BLVRA,0.20257679,0.20257679,0.026560716,0.290358147
HCCS,HMOX1,-0.649607739,0.649607739,0.004371727,0.142693167
CHURC1-FNTB,PDSS1,-0.371561637,0.371561637,0.046733382,0.349255388
ZMPSTE24,CHURC1-FNTB,-0.173625198,0.173625198,0.02580683,0.290358147
RCE1,CHURC1-FNTB,0.221689944,0.221689944,0.010772594,0.208057667
FDPS,IDI1,-0.504385168,0.504385168,0.042981693,0.33945918
ETHE1,MPST,-0.243555328,0.243555328,0.020519102,0.258188879
ETHE1,SUOX,-0.198347135,0.198347135,0.026597535,0.290358147
EPHX1,GSTO2,0.181012743,0.181012743,0.03375346,0.307710339
GSTO2,CYP1B1,-0.457154343,0.457154343,0.002909566,0.121754162
TPMT,HPRT1,-0.16332493,0.16332493,0.026333429,0.290358147
HPRT1,IMPDH1,-0.39979249,0.39979249,0.035040687,0.312493993
IMPDH1,GMPS,0.088217411,0.088217411,0.035705448,0.313500727
CMPK1,UCKL1,-0.312520943,0.312520943,0.028621524,0.293775638
CMPK1,UMPS,-0.284492955,0.284492955,0.019589755,0.255988083
NFATC1,TRPC6,0.427750729,0.427750729,0.020633275,0.258188879
CREB3,JUN,0.392278602,0.392278602,0.023345439,0.277676414
STAT3,HIF1A,-0.178458839,0.178458839,0.000295571,0.042726105
PLCD3,PIKFYVE,-0.10434873,0.10434873,0.002317447,0.108059229
P3R3URF-PIK3R3,MTM1,0.06248323,0.06248323,0.041983589,0.336693945
PTEN,CDIPT,0.213317372,0.213317372,0.045328543,0.340120375
INPP5B,PLCD3,0.533220397,0.533220397,0.034929216,0.31235332
PTEN,INPP4A,-0.123529681,0.123529681,0.005292279,0.158477056
PIP5K1C,PTEN,0.279456607,0.279456607,0.022819687,0.27761394
PLCD3,IMPA1,-0.074395924,0.074395924,0.049366344,0.354865638
MTM1,PIP4P2,-0.523209136,0.523209136,0.014734353,0.230388821
INPP5A,IPMK,-0.306160491,0.306160491,0.006636971,0.165613279
INPP1,ITPK1,-0.302671222,0.302671222,0.025994772,0.290358147
INPP5B,INPP4A,0.278126995,0.278126995,0.000241927,0.042726105
TP53,SESN3,-0.470619902,0.470619902,0.040396709,0.3304633
TP53,COP1,-0.237343785,0.237343785,0.000507953,0.046054383
ATF4,PRKN,-0.723575984,0.723575984,0.017536913,0.250723854
TP53,BNIP3L,-0.624943221,0.624943221,0.04715063,0.349255388
NFATC1,HIF1A,0.277402176,0.277402176,0.002274395,0.108059229
CEBPB,PPARG,-0.439744395,0.439744395,0.011491819,0.216816749
NFKB1,BCL2A1,-0.505688824,0.505688824,0.028140963,0.291164633
JUN,TP53,0.160160615,0.160160615,0.01867283,0.253785215
JUN,FASLG,0.466531305,0.466531305,0.003341496,0.13074894
TP53,BID,-0.287261835,0.287261835,0.000704872,0.054778608
PRKACA,EHMT2,0.172495759,0.172495759,0.031225726,0.306744971
LEF1,MYC,0.138634478,0.138634478,0.00037621,0.042726105
GLI1,CCND1,-0.226803335,0.226803335,0.018988195,0.253785215
MAPK1,JAG1,-0.330612247,0.330612247,0.009365696,0.198504099
PRKAG2,PPARGC1A,-1.408961331,1.408961331,0.004144722,0.136650225
FOS,CTSK,-0.152077185,0.152077185,0.030191658,0.303217148
NFATC1,CTSK,0.329712547,0.329712547,0.000823096,0.059701923
PPARG,FOS,-0.140392379,0.140392379,0.001946082,0.102451784
ATP2A1,PPP3CA,-0.097066998,0.097066998,0.003442074,0.131733196
CTNNB1,CCND1,1.530835144,1.530835144,0.00466478,0.146219191
JUN,CCND1,0.339948401,0.339948401,0.032947936,0.306744971
CTSG,ENPEP,0.203089864,0.203089864,0.017889252,0.252783693
MME,ACE,-0.581667741,0.581667741,0.000104048,0.03085734
ANPEP,ANPEP,1.99E-17,1.99E-17,0.000184329,0.042726105
FOS,CXCL8,-0.615013748,0.615013748,0.006799075,0.165613279
NFATC1,IL10,0.479702073,0.479702073,0.03393864,0.307710339
P3R3URF-PIK3R3,VAV3,0.121565501,0.121565501,0.031522834,0.306744971
NFKB1,CXCL1,-0.598652038,0.598652038,0.018199806,0.252783693
NFKB1,S100A8,-0.489124596,0.489124596,0.039111053,0.326492265
FOS,CXCL10,-0.565784005,0.565784005,0.027725365,0.291164633
FOS,PTGS2,-0.227893489,0.227893489,0.024672761,0.285574085
CEBPB,CXCL8,-0.466583526,0.466583526,0.047115771,0.349255388
STAT4,TBX21,0.298924312,0.298924312,0.004793004,0.147505734
STAT4,IFNG,0.426087616,0.426087616,0.003564191,0.132199097
TBX21,GATA3,-0.200477916,0.200477916,0.005520771,0.161798932
TBX21,IL4,-0.335392373,0.335392373,0.045307379,0.340120375
NFATC1,IL4,-0.875550336,0.875550336,0.010570994,0.208057667
NFKB1,IL12RB1,0.343249467,0.343249467,0.023170339,0.277676414
NFKB1,GATA3,0.597879293,0.597879293,0.026654116,0.290358147
NFKB1,IL2RA,0.660586598,0.660586598,0.011079653,0.211485309
JUN,TBX21,0.393704246,0.393704246,0.007579329,0.175246966
JUN,IFNG,0.456075857,0.456075857,0.023479991,0.277676414
STAT6,GATA3,0.544584332,0.544584332,0.014729662,0.230388821
STAT6,IL2RA,0.494912541,0.494912541,0.027308196,0.290358147
STAT6,IL4R,-0.342618197,0.342618197,0.035829953,0.313536104
MAPK14,RORC,0.272113886,0.272113886,0.043160404,0.33945918
MTOR,IRF4,-1.07582863,1.07582863,0.026383341,0.290358147
SMAD2,RORC,1.522100285,1.522100285,0.019629126,0.255988083
SMAD2,IL23R,2.082336732,2.082336732,0.033926753,0.307710339
STAT3,RORC,0.523274832,0.523274832,0.013151916,0.22329868
STAT3,IL23R,0.758202269,0.758202269,0.013473357,0.224372645
RUNX1,RORC,0.794277831,0.794277831,0.014935704,0.230388821
GATA3,RORC,-0.226263857,0.226263857,0.030887724,0.306744971
NFATC1,TNF,-0.27865742,0.27865742,0.013686744,0.225623904
NFATC1,CDK4,-0.200364383,0.200364383,0.035481512,0.313500727
NFKB1,IL10,-0.926368416,0.926368416,0.006394885,0.165613279
GNAI1,RAPGEF3,0.5672053,0.5672053,0.003108295,0.126818427
FOXO1,FBP1,0.504501334,0.504501334,0.026875401,0.290358147
MITF,DCT,-0.393743816,0.393743816,0.04953955,0.354865638
STAT1,CCND1,0.313776496,0.313776496,0.043934816,0.340120375
NFKB1,CCND1,0.786346248,0.786346248,0.019733181,0.255988083
THRB,CCND1,-0.279722203,0.279722203,0.037141704,0.319869451
MAPK1,JUN,-0.347806654,0.347806654,0.037835776,0.322461703
NFATC1,RGS2,0.433282723,0.433282723,0.001576932,0.088743188
SP1,NCEH1,-0.328302267,0.328302267,0.025286212,0.288789598
PRKACA,NR4A2,-0.294360383,0.294360383,0.026825057,0.290358147
MLXIP,ACACB,0.252880294,0.252880294,0.023252825,0.277676414
NFKB1,ICAM1,0.279993967,0.279993967,0.032107896,0.306744971
STAT5A,CCND1,0.676173843,0.676173843,0.042524708,0.337909944
JUN,EDN1,-0.318133136,0.318133136,0.012927711,0.22329868
CREB3,POMC,-1.353544178,1.353544178,3.62E-05,0.017647493
STAT1,IGF1,-0.655714878,0.655714878,0.022964388,0.27761394
NR3C2,KRAS,0.067636506,0.067636506,0.045162342,0.340120375
NFE2L2,TXN2,0.161462318,0.161462318,0.049794259,0.354865638
FCGR3B,PRKCB,-0.095922789,0.095922789,0.001622966,0.0897858
TNF,ICAM1,-0.219782603,0.219782603,0.042088358,0.336706861
IFNG,ICAM1,-0.078890461,0.078890461,0.048993056,0.354865638
NFKB1,BCL2,0.45986009,0.45986009,0.045301385,0.340120375
STAT3,IL12A,0.467076007,0.467076007,0.041675757,0.335234622
RFX5,CD74,-0.202936419,0.202936419,0.045035248,0.340120375
NFKB1,IL18,-0.449117823,0.449117823,0.012734214,0.222816645
MAPK1,IL23A,0.542499272,0.542499272,0.004437519,0.143406546
MAPK8,IL23A,-0.859456588,0.859456588,0.025709735,0.290358147
NFATC1,CXCL8,0.695640415,0.695640415,0.017539379,0.250723854
IRF9,PML,0.27104519,0.27104519,0.004670457,0.146219191
FOXO1,CDKN1B,-0.216005431,0.216005431,0.045257788,0.340120375
TCF3,BAX,0.092522304,0.092522304,0.036858451,0.319869451
NFATC1,CXCL1,0.437654841,0.437654841,0.00218705,0.108059229
IRF3,TRIM5,0.534439402,0.534439402,0.003470911,0.131733196
EPAS1,TGFA,-0.16130975,0.16130975,0.006291143,0.165613279
SPI1,CSF3R,-0.224947011,0.224947011,0.002622966,0.11415149
CEBPA,MYC,0.253288348,0.253288348,0.010190421,0.20788459
NFE2L2,HMOX1,-0.34519925,0.34519925,0.032696269,0.306744971
RPS6KA5,MYC,-0.248326116,0.248326116,0.005673646,0.162445435
CEBPA,PER2,0.170115152,0.170115152,0.010652142,0.208057667
SPI1,ITGAM,-0.137554799,0.137554799,0.032910333,0.306744971
EPAS1,VEGFA,-0.104585999,0.104585999,0.03080204,0.306744971
MYC,PKM,0.222451759,0.222451759,0.020743159,0.258418587
MAPK1,PLA2G4B,0.214890786,0.214890786,0.010467751,0.208057667
HIF1A,CD274,0.680708507,0.680708507,0.001155951,0.071189126
NFKB1,CD274,0.690306563,0.690306563,0.023458085,0.277676414
NFKB1,TGFB1,0.341053615,0.341053615,0.027839157,0.291164633
PPARA,PDK2,-0.618831117,0.618831117,0.004030714,0.136650225
FOS,EDN1,-0.317345805,0.317345805,0.024199107,0.281088555
NFE2L2,SQSTM1,0.275151437,0.275151437,0.000685073,0.054778608
KLF2,NOS3,0.971605464,0.971605464,0.033906379,0.307710339
