pathway_source,PW_Name,Gene_pairs,predictor,outcome,beta_int,abs_beta,p_value,adj_p_value
hsa04659,Th17 cell differenti,SMAD2->IL23R,SMAD2,IL23R,2.082,2.082,0.034,0.308
hsa00760,Nicotinate and nicot,NADSYN1->NMNAT2,NADSYN1,NMNAT2,-2.056,2.056,0,0.018
hsa04510,Focal adhesion,CTNNB1->CCND1,CTNNB1,CCND1,1.531,1.531,0.005,0.146
hsa05163,Human cytomegaloviru,CTNNB1->CCND1,CTNNB1,CCND1,1.531,1.531,0.005,0.146
hsa04659,Th17 cell differenti,SMAD2->RORC,SMAD2,RORC,1.522,1.522,0.02,0.256
hsa04371,Apelin signaling pat,PRKAG2->PPARGC1A,PRKAG2,PPARGC1A,-1.409,1.409,0.004,0.137
hsa00760,Nicotinate and nicot,SIRT2->NMNAT2,SIRT2,NMNAT2,-1.402,1.402,0.039,0.324
hsa04934,Cushing syndrome KEG,CREB3->POMC,CREB3,POMC,-1.354,1.354,0,0.018
hsa04659,Th17 cell differenti,MTOR->IRF4,MTOR,IRF4,-1.076,1.076,0.026,0.29
hsa05418,Fluid shear stress a,KLF2->NOS3,KLF2,NOS3,0.972,0.972,0.034,0.308
hsa00564,Glycerophospholipid ,SAMD8->DGKK,SAMD8,DGKK,-0.94,0.94,0.04,0.329
hsa04660,T cell receptor sign,NFKB1->IL10,NFKB1,IL10,-0.926,0.926,0.006,0.166
hsa05135,Yersinia infection K,NFKB1->IL10,NFKB1,IL10,-0.926,0.926,0.006,0.166
hsa04658,Th1 and Th2 cell dif,NFATC1->IL4,NFATC1,IL4,-0.876,0.876,0.011,0.208
hsa04660,T cell receptor sign,NFATC1->IL4,NFATC1,IL4,-0.876,0.876,0.011,0.208
hsa05321,Inflammatory bowel d,NFATC1->IL4,NFATC1,IL4,-0.876,0.876,0.011,0.208
hsa05152,Tuberculosis,MAPK8->IL23A,MAPK8,IL23A,-0.859,0.859,0.026,0.29
hsa00601,Glycosphingolipid bi,B4GALT1->B3GALT2,B4GALT1,B3GALT2,0.833,0.833,0.008,0.185
hsa00510,N‑Glycan biosynthesis,ALG6->ALG5,ALG6,ALG5,0.825,0.825,0,0.043
hsa00270,Cysteine and methionine,AMD1->GNMT,AMD1,GNMT,-0.808,0.808,0.001,0.075
hsa04659,Th17 cell differenti,RUNX1->RORC,RUNX1,RORC,0.794,0.794,0.015,0.23
hsa00240,Pyrimidine metabolism,NME6->DTYMK,NME6,DTYMK,0.794,0.794,0.001,0.066
hsa04917,Prolactin signaling ,NFKB1->CCND1,NFKB1,CCND1,0.786,0.786,0.02,0.256
hsa05200,Pathways in cancer,NFKB1->CCND1,NFKB1,CCND1,0.786,0.786,0.02,0.256
hsa05222,Small cell lung canc,NFKB1->CCND1,NFKB1,CCND1,0.786,0.786,0.02,0.256
hsa00561,Glycerolipid metabol,MGLL->LPL,MGLL,LPL,0.765,0.765,0.005,0.146
hsa04659,Th17 cell differenti,STAT3->IL23R,STAT3,IL23R,0.758,0.758,0.013,0.224
hsa00760,Nicotinate and nicot,NT5C1B-RDH14->NMNAT2,NT5C1B-RDH14,NMNAT2,0.754,0.754,0.001,0.05
hsa00590,Arachidonic acid met,PTGES3->HPGDS,PTGES3,HPGDS,-0.75,0.75,0.026,0.29
hsa04137,Mitophagy – animal,ATF4->PRKN,ATF4,PRKN,-0.724,0.724,0.018,0.251
hsa00564,Glycerophospholipid ,CEPT1->PEMT,CEPT1,PEMT,0.719,0.719,0.013,0.223
hsa00230,Purine metabolism,NME6->NUDT16,NME6,NUDT16,-0.712,0.712,0.017,0.25
hsa00010,Glycolysis,ACSS2->ALDH2,ACSS2,ALDH2,-0.711,0.711,0,0.01
hsa00620,Pyruvate metabolism ,ACSS2->ALDH2,ACSS2,ALDH2,-0.711,0.711,0,0.01
hsa00564,Glycerophospholipid ,LPCAT3->PLD4,LPCAT3,PLD4,0.698,0.698,0.049,0.355
hsa05163,Human cytomegaloviru,NFATC1->CXCL8,NFATC1,CXCL8,0.696,0.696,0.018,0.251
hsa05235,PD‑L1 expression and,NFKB1->CD274,NFKB1,CD274,0.69,0.69,0.023,0.278
hsa05235,PD‑L1 expression and,HIF1A->CD274,HIF1A,CD274,0.681,0.681,0.001,0.071
hsa04933,AGE‑RAGE signaling p,STAT5A->CCND1,STAT5A,CCND1,0.676,0.676,0.043,0.338
hsa04658,Th1 and Th2 cell dif,NFKB1->IL2RA,NFKB1,IL2RA,0.661,0.661,0.011,0.211
hsa05166,Human T‑cell leukemi,NFKB1->IL2RA,NFKB1,IL2RA,0.661,0.661,0.011,0.211
hsa00510,N‑Glycan biosynthesis,ALG6->ALG9,ALG6,ALG9,0.659,0.659,0,0.031
hsa04935,Growth hormone synth,STAT1->IGF1,STAT1,IGF1,-0.656,0.656,0.023,0.278
hsa00860,Porphyrin and chloro,HCCS->HMOX1,HCCS,HMOX1,-0.65,0.65,0.004,0.143
hsa00230,Purine metabolism,NME6->ITPA,NME6,ITPA,0.645,0.645,0.001,0.085
hsa00790,Folate biosynthesis,GCH1->MOCS1,GCH1,MOCS1,-0.626,0.626,0.003,0.126
hsa04137,Mitophagy – animal,TP53->BNIP3L,TP53,BNIP3L,-0.625,0.625,0.047,0.349
hsa05415,Diabetic cardiomyopa,PPARA->PDK2,PPARA,PDK2,-0.619,0.619,0.004,0.137
hsa04620,Toll‑like receptor s,FOS->CXCL8,FOS,CXCL8,-0.615,0.615,0.007,0.166
hsa04657,IL‑17 signaling path,FOS->CXCL8,FOS,CXCL8,-0.615,0.615,0.007,0.166
hsa05130,Pathogenic Escherich,FOS->CXCL8,FOS,CXCL8,-0.615,0.615,0.007,0.166
hsa05132,Salmonella infection,FOS->CXCL8,FOS,CXCL8,-0.615,0.615,0.007,0.166
hsa05135,Yersinia infection K,FOS->CXCL8,FOS,CXCL8,-0.615,0.615,0.007,0.166
hsa05142,Chagas disease (Amer,FOS->CXCL8,FOS,CXCL8,-0.615,0.615,0.007,0.166
hsa05200,Pathways in cancer,FOS->CXCL8,FOS,CXCL8,-0.615,0.615,0.007,0.166
hsa05417,Lipid and atheroscle,FOS->CXCL8,FOS,CXCL8,-0.615,0.615,0.007,0.166
hsa00600,Sphingolipid metabol,GALC->PLPP1,GALC,PLPP1,0.612,0.612,0.033,0.307
hsa00280,"Valine, leucine",ACSF3->ALDH2,ACSF3,ALDH2,0.61,0.61,0.002,0.108
hsa00510,N‑Glycan biosynthesis,ALG2->ALG1,ALG2,ALG1,-0.605,0.605,0,0
hsa00250,"Alanine, aspartate",CAD->GLS2,CAD,GLS2,0.6,0.6,0.019,0.254
hsa04657,IL‑17 signaling path,NFKB1->CXCL1,NFKB1,CXCL1,-0.599,0.599,0.018,0.253
hsa04936,Alcoholic liver dise,NFKB1->CXCL1,NFKB1,CXCL1,-0.599,0.599,0.018,0.253
hsa05120,Epithelial cell sign,NFKB1->CXCL1,NFKB1,CXCL1,-0.599,0.599,0.018,0.253
hsa05167,Kaposi sarcoma‑assoc,NFKB1->CXCL1,NFKB1,CXCL1,-0.599,0.599,0.018,0.253
hsa05417,Lipid and atheroscle,NFKB1->CXCL1,NFKB1,CXCL1,-0.599,0.599,0.018,0.253
hsa04658,Th1 and Th2 cell dif,NFKB1->GATA3,NFKB1,GATA3,0.598,0.598,0.027,0.29
hsa04614,Renin–angiotensin sy,MME->ACE,MME,ACE,-0.582,0.582,0,0.031
hsa00590,Arachidonic acid met,ALOX12->ALOX15,ALOX12,ALOX15,-0.581,0.581,0.047,0.349
hsa04670,Leukocyte transendot,GNAI1->RAPGEF3,GNAI1,RAPGEF3,0.567,0.567,0.003,0.127
hsa04657,IL‑17 signaling path,FOS->CXCL10,FOS,CXCL10,-0.566,0.566,0.028,0.291
hsa04658,Th1 and Th2 cell dif,STAT6->GATA3,STAT6,GATA3,0.545,0.545,0.015,0.23
hsa04659,Th17 cell differenti,STAT6->GATA3,STAT6,GATA3,0.545,0.545,0.015,0.23
hsa05321,Inflammatory bowel d,STAT6->GATA3,STAT6,GATA3,0.545,0.545,0.015,0.23
hsa05152,Tuberculosis,MAPK1->IL23A,MAPK1,IL23A,0.542,0.542,0.004,0.143
hsa05170,HIV‑1 infection,IRF3->TRIM5,IRF3,TRIM5,0.534,0.534,0.003,0.132
hsa04070,Phosphatidylinositol,INPP5B->PLCD3,INPP5B,PLCD3,0.533,0.533,0.035,0.312
hsa04659,Th17 cell differenti,STAT3->RORC,STAT3,RORC,0.523,0.523,0.013,0.223
hsa05321,Inflammatory bowel d,STAT3->RORC,STAT3,RORC,0.523,0.523,0.013,0.223
hsa04070,Phosphatidylinositol,MTM1->PIP4P2,MTM1,PIP4P2,-0.523,0.523,0.015,0.23
hsa00760,Nicotinate and nicot,NADSYN1->SARM1,NADSYN1,SARM1,0.514,0.514,0.013,0.223
hsa00620,Pyruvate metabolism ,GLO1->HAGH,GLO1,HAGH,-0.507,0.507,0.016,0.24
hsa04210,Apoptosis,NFKB1->BCL2A1,NFKB1,BCL2A1,-0.506,0.506,0.028,0.291
hsa04910,Insulin signaling pa,FOXO1->FBP1,FOXO1,FBP1,0.505,0.505,0.027,0.29
hsa00900,Terpenoid backbone b,FDPS->IDI1,FDPS,IDI1,-0.504,0.504,0.043,0.339
hsa04658,Th1 and Th2 cell dif,STAT6->IL2RA,STAT6,IL2RA,0.495,0.495,0.027,0.29
hsa04657,IL‑17 signaling path,NFKB1->S100A8,NFKB1,S100A8,-0.489,0.489,0.039,0.326
hsa00230,Purine metabolism,ADSL->NT5C1B-RDH14,ADSL,NT5C1B-RDH14,0.484,0.484,0.013,0.223
hsa00860,Porphyrin and chloro,COX15->COX10,COX15,COX10,0.481,0.481,0.006,0.166
hsa04625,C‑type lectin recept,NFATC1->IL10,NFATC1,IL10,0.48,0.48,0.034,0.308
hsa04660,T cell receptor sign,NFATC1->IL10,NFATC1,IL10,0.48,0.48,0.034,0.308
hsa05135,Yersinia infection K,NFATC1->IL10,NFATC1,IL10,0.48,0.48,0.034,0.308
hsa00240,Pyrimidine metabolism,NME6->RRM2B,NME6,RRM2B,-0.48,0.48,0.013,0.223
hsa00983,Drug metabolism,NME6->RRM2B,NME6,RRM2B,-0.48,0.48,0.013,0.223
hsa00600,Sphingolipid metabol,SGPP2->UGT8,SGPP2,UGT8,0.478,0.478,0.012,0.223
hsa00564,Glycerophospholipid ,CEPT1->PCYT1A,CEPT1,PCYT1A,-0.475,0.475,0.007,0.166
hsa00830,Retinol metabolism,RETSAT->RDH13,RETSAT,RDH13,0.473,0.473,0.033,0.308
hsa00410,β-Alanine metabolism,ABAT->ALDH2,ABAT,ALDH2,-0.472,0.472,0.003,0.119
hsa04115,p53 signaling pathwa,TP53->SESN3,TP53,SESN3,-0.471,0.471,0.04,0.33
hsa04211,Longevity regulating,TP53->SESN3,TP53,SESN3,-0.471,0.471,0.04,0.33
hsa05145,Toxoplasmosis,STAT3->IL12A,STAT3,IL12A,0.467,0.467,0.042,0.335
hsa00590,Arachidonic acid met,GPX4->ALOX12,GPX4,ALOX12,-0.467,0.467,0.002,0.108
hsa04657,IL‑17 signaling path,CEBPB->CXCL8,CEBPB,CXCL8,-0.467,0.467,0.047,0.349
hsa04210,Apoptosis,JUN->FASLG,JUN,FASLG,0.467,0.467,0.003,0.131
hsa05145,Toxoplasmosis,NFKB1->BCL2,NFKB1,BCL2,0.46,0.46,0.045,0.34
hsa05161,Hepatitis B,NFKB1->BCL2,NFKB1,BCL2,0.46,0.46,0.045,0.34
hsa05169,Epstein‑Barr virus i,NFKB1->BCL2,NFKB1,BCL2,0.46,0.46,0.045,0.34
hsa05200,Pathways in cancer,NFKB1->BCL2,NFKB1,BCL2,0.46,0.46,0.045,0.34
hsa05215,Prostate cancer,NFKB1->BCL2,NFKB1,BCL2,0.46,0.46,0.045,0.34
hsa05417,Lipid and atheroscle,NFKB1->BCL2,NFKB1,BCL2,0.46,0.46,0.045,0.34
hsa00590,Arachidonic acid met,PLA2G4B->ALOX5,PLA2G4B,ALOX5,0.459,0.459,0.019,0.254
hsa00564,Glycerophospholipid ,CEPT1->LPCAT3,CEPT1,LPCAT3,-0.459,0.459,0.004,0.136
hsa00980,Metabolism of xenobi,GSTO2->CYP1B1,GSTO2,CYP1B1,-0.457,0.457,0.003,0.122
hsa04658,Th1 and Th2 cell dif,JUN->IFNG,JUN,IFNG,0.456,0.456,0.023,0.278
hsa05321,Inflammatory bowel d,JUN->IFNG,JUN,IFNG,0.456,0.456,0.023,0.278
hsa05152,Tuberculosis,NFKB1->IL18,NFKB1,IL18,-0.449,0.449,0.013,0.223
hsa05417,Lipid and atheroscle,NFKB1->IL18,NFKB1,IL18,-0.449,0.449,0.013,0.223
hsa00600,Sphingolipid metabol,KDSR->ACER3,KDSR,ACER3,0.443,0.443,0,0.018
hsa04148,mTOR signaling pathw,CEBPB->PPARG,CEBPB,PPARG,-0.44,0.44,0.011,0.217
hsa05167,Kaposi sarcoma‑assoc,NFATC1->CXCL1,NFATC1,CXCL1,0.438,0.438,0.002,0.108
hsa04921,Oxytocin signaling p,NFATC1->RGS2,NFATC1,RGS2,0.433,0.433,0.002,0.089
hsa00230,Purine metabolism,ADK->ADA,ADK,ADA,-0.428,0.428,0.004,0.137
hsa00410,β-Alanine metabolism,CNDP2->ALDH2,CNDP2,ALDH2,0.428,0.428,0.012,0.223
hsa04022,cGMP–PKG signaling p,NFATC1->TRPC6,NFATC1,TRPC6,0.428,0.428,0.021,0.258
hsa04658,Th1 and Th2 cell dif,STAT4->IFNG,STAT4,IFNG,0.426,0.426,0.004,0.132
hsa00051,Fructose & mannose,TPI1->TKFC,TPI1,TKFC,0.422,0.422,0.004,0.137
hsa00561,Glycerolipid metabol,AKR1B1->ALDH2,AKR1B1,ALDH2,0.419,0.419,0.002,0.105
hsa00760,Nicotinate and nicot,QPRT->NMNAT2,QPRT,NMNAT2,0.414,0.414,0.012,0.223
hsa00240,Pyrimidine metabolism,UCKL1->CDA,UCKL1,CDA,0.413,0.413,0.001,0.071
hsa00240,Pyrimidine metabolism,NME6->CTPS1,NME6,CTPS1,0.413,0.413,0.028,0.291
hsa00280,"Valine, leucine",ACAD8->ECHS1,ACAD8,ECHS1,0.408,0.408,0.016,0.242
hsa00061,Fatty acid biosynthesis,OXSM->HSD17B8,OXSM,HSD17B8,-0.407,0.407,0.011,0.208
hsa00030,Pentose phosphate,PGLS->PGD,PGLS,PGD,-0.403,0.403,0.038,0.322
hsa00983,Drug metabolism,HPRT1->IMPDH1,HPRT1,IMPDH1,-0.4,0.4,0.035,0.312
hsa04916,Melanogenesis KEGG,MITF->DCT,MITF,DCT,-0.394,0.394,0.05,0.355
hsa04658,Th1 and Th2 cell dif,JUN->TBX21,JUN,TBX21,0.394,0.394,0.008,0.175
hsa04024,cAMP signaling pathw,CREB3->JUN,CREB3,JUN,0.392,0.392,0.023,0.278
hsa00750,Vitamin B6 metabolis,PNPO->PHOSPHO2,PNPO,PHOSPHO2,-0.386,0.386,0.013,0.223
hsa00480,Glutathione metabolism,LANCL1->GPX4,LANCL1,GPX4,-0.374,0.374,0.009,0.199
hsa00900,Terpenoid backbone b,CHURC1-FNTB->PDSS1,CHURC1-FNTB,PDSS1,-0.372,0.372,0.047,0.349
hsa00562,Inositol phosphate m,IMPA1->CDIPT,IMPA1,CDIPT,-0.366,0.366,0.042,0.335
hsa00515,Mannose‑type O‑glycan,B4GAT1->LARGE2,B4GAT1,LARGE2,-0.365,0.365,0.015,0.23
hsa00640,Propanoate metabolis,ALDH6A1->PCCA,ALDH6A1,PCCA,-0.364,0.364,0.001,0.055
hsa00310,Lysine degradation,EHMT2->PLOD1,EHMT2,PLOD1,0.361,0.361,0.005,0.154
hsa00510,N‑Glycan biosynthesis,DOLPP1->ALG5,DOLPP1,ALG5,-0.355,0.355,0,0.018
hsa00480,Glutathione metabolism,GSS->LANCL1,GSS,LANCL1,-0.354,0.354,0.002,0.099
hsa00534,Glycosaminoglycan biosynthesis,EXTL2->EXT1,EXTL2,EXT1,0.354,0.354,0,0.045
hsa00541,Biosynthesis of vari,NANS->NPL,NANS,NPL,-0.353,0.353,0.012,0.223
hsa00510,N‑Glycan biosynthesis,FUT8->B4GALT1,FUT8,B4GALT1,0.35,0.35,0,0.043
hsa00513,Various types of N‑glycan,FUT8->B4GALT1,FUT8,B4GALT1,0.35,0.35,0,0.043
hsa00670,One carbon pool by f,MTHFD1->MTHFD2,MTHFD1,MTHFD2,0.348,0.348,0.001,0.061
hsa04921,Oxytocin signaling p,MAPK1->JUN,MAPK1,JUN,-0.348,0.348,0.038,0.322
hsa00620,Pyruvate metabolism ,ACACA->DLAT,ACACA,DLAT,-0.345,0.345,0.002,0.108
hsa05200,Pathways in cancer,NFE2L2->HMOX1,NFE2L2,HMOX1,-0.345,0.345,0.033,0.307
hsa05208,Colorectal cancer,NFE2L2->HMOX1,NFE2L2,HMOX1,-0.345,0.345,0.033,0.307
hsa05225,Hepatocellular carci,NFE2L2->HMOX1,NFE2L2,HMOX1,-0.345,0.345,0.033,0.307
hsa05418,Fluid shear stress a,NFE2L2->HMOX1,NFE2L2,HMOX1,-0.345,0.345,0.033,0.307
hsa04658,Th1 and Th2 cell dif,NFKB1->IL12RB1,NFKB1,IL12RB1,0.343,0.343,0.023,0.278
hsa00280,"Valine, leucine",MCCC1->ECHS1,MCCC1,ECHS1,-0.343,0.343,0.016,0.24
hsa04658,Th1 and Th2 cell dif,STAT6->IL4R,STAT6,IL4R,-0.343,0.343,0.036,0.314
hsa05415,Diabetic cardiomyopa,NFKB1->TGFB1,NFKB1,TGFB1,0.341,0.341,0.028,0.291
hsa00240,Pyrimidine metabolism,CANT1->UCKL1,CANT1,UCKL1,0.34,0.34,0.005,0.148
hsa04510,Focal adhesion,JUN->CCND1,JUN,CCND1,0.34,0.34,0.033,0.307
hsa05200,Pathways in cancer,JUN->CCND1,JUN,CCND1,0.34,0.34,0.033,0.307
hsa05210,Bladder cancer,JUN->CCND1,JUN,CCND1,0.34,0.34,0.033,0.307
hsa00601,Glycosphingolipid bi,B4GALT4->GCNT2,B4GALT4,GCNT2,-0.34,0.34,0.016,0.24
hsa00510,N‑Glycan biosynthesis,ALG12->ALG9,ALG12,ALG9,-0.339,0.339,0.002,0.112
hsa00030,Pentose phosphate,PGLS->IDNK,PGLS,IDNK,-0.338,0.338,0.04,0.33
hsa04658,Th1 and Th2 cell dif,TBX21->IL4,TBX21,IL4,-0.335,0.335,0.045,0.34
hsa05321,Inflammatory bowel d,TBX21->IL4,TBX21,IL4,-0.335,0.335,0.045,0.34
hsa00600,Sphingolipid metabol,GBA1->PLPP1,GBA1,PLPP1,0.335,0.335,0.025,0.286
hsa00051,Fructose & mannose,SORD->KHK,SORD,KHK,-0.333,0.333,0.025,0.289
hsa00310,Lysine degradation,CAMKMT->EHMT2,CAMKMT,EHMT2,-0.331,0.331,0.008,0.175
hsa04371,Apelin signaling pat,MAPK1->JAG1,MAPK1,JAG1,-0.331,0.331,0.009,0.199
hsa04380,Osteoclast different,NFATC1->CTSK,NFATC1,CTSK,0.33,0.33,0.001,0.06
hsa00010,Glycolysis,ALDOA->PFKL,ALDOA,PFKL,0.329,0.329,0.009,0.199
hsa00030,Pentose phosphate,ALDOA->PFKL,ALDOA,PFKL,0.329,0.329,0.009,0.199
hsa04927,Cortisol synthesis a,SP1->NCEH1,SP1,NCEH1,-0.328,0.328,0.025,0.289
hsa04934,Cushing syndrome KEG,SP1->NCEH1,SP1,NCEH1,-0.328,0.328,0.025,0.289
hsa00564,Glycerophospholipid ,PLA2G4B->PISD,PLA2G4B,PISD,0.324,0.324,0.025,0.289
hsa00785,Lipoic acid metaboli,DLD->DHTKD1,DLD,DHTKD1,-0.321,0.321,0.024,0.281
hsa04933,AGE‑RAGE signaling p,JUN->EDN1,JUN,EDN1,-0.318,0.318,0.013,0.223
hsa05418,Fluid shear stress a,FOS->EDN1,FOS,EDN1,-0.317,0.317,0.024,0.281
hsa00565,Ether lipid metaboli,PAFAH1B1->CEPT1,PAFAH1B1,CEPT1,-0.317,0.317,0.02,0.258
hsa00515,Mannose‑type O‑glycan,POMT1->POMGNT1,POMT1,POMGNT1,-0.315,0.315,0.008,0.185
hsa00240,Pyrimidine metabolism,CANT1->UMPS,CANT1,UMPS,0.314,0.314,0,0.018
hsa04917,Prolactin signaling ,STAT1->CCND1,STAT1,CCND1,0.314,0.314,0.044,0.34
hsa00020,Citrate cycle,DLD->PDHA1,DLD,PDHA1,0.313,0.313,0.02,0.258
hsa00620,Pyruvate metabolism ,DLD->PDHA1,DLD,PDHA1,0.313,0.313,0.02,0.258
hsa00785,Lipoic acid metaboli,DLD->PDHA1,DLD,PDHA1,0.313,0.313,0.02,0.258
hsa00640,Propanoate metabolis,ALDH6A1->ACADS,ALDH6A1,ACADS,-0.313,0.313,0.033,0.307
hsa00983,Drug metabolism,CMPK1->UCKL1,CMPK1,UCKL1,-0.313,0.313,0.029,0.294
hsa00061,Fatty acid biosynthesis,ACACA->MCAT,ACACA,MCAT,-0.312,0.312,0.036,0.314
hsa00030,Pentose phosphate,SHPK->TKT,SHPK,TKT,0.309,0.309,0.013,0.223
hsa04070,Phosphatidylinositol,INPP5A->IPMK,INPP5A,IPMK,-0.306,0.306,0.007,0.166
hsa00670,One carbon pool by f,MTHFD2->SHMT1,MTHFD2,SHMT1,0.306,0.306,0.014,0.23
hsa04070,Phosphatidylinositol,INPP1->ITPK1,INPP1,ITPK1,-0.303,0.303,0.026,0.29
hsa04658,Th1 and Th2 cell dif,STAT4->TBX21,STAT4,TBX21,0.299,0.299,0.005,0.148
hsa00630,Glyoxylate and dicar,CS->ACAT1,CS,ACAT1,-0.298,0.298,0.041,0.335
hsa00330,Arginine and proline,ALDH2->CARNS1,ALDH2,CARNS1,0.298,0.298,0.043,0.338
hsa00410,β-Alanine metabolism,ALDH2->CARNS1,ALDH2,CARNS1,0.298,0.298,0.043,0.338
hsa04928,Parathyroid hormone ,PRKACA->NR4A2,PRKACA,NR4A2,-0.294,0.294,0.027,0.29
hsa00240,Pyrimidine metabolism,UCKL1->UMPS,UCKL1,UMPS,-0.294,0.294,0,0.018
hsa00983,Drug metabolism,UCKL1->UMPS,UCKL1,UMPS,-0.294,0.294,0,0.018
hsa00601,Glycosphingolipid bi,B4GALT3->B3GALNT1,B4GALT3,B3GALNT1,-0.292,0.292,0.003,0.113
hsa04210,Apoptosis,TP53->BID,TP53,BID,-0.287,0.287,0.001,0.055
hsa00983,Drug metabolism,CMPK1->UMPS,CMPK1,UMPS,-0.284,0.284,0.02,0.256
hsa00051,Fructose & mannose,TKFC->ALDOA,TKFC,ALDOA,0.281,0.281,0.011,0.208
hsa04933,AGE‑RAGE signaling p,NFKB1->ICAM1,NFKB1,ICAM1,0.28,0.28,0.032,0.307
hsa05164,Influenza A,NFKB1->ICAM1,NFKB1,ICAM1,0.28,0.28,0.032,0.307
hsa05169,Epstein‑Barr virus i,NFKB1->ICAM1,NFKB1,ICAM1,0.28,0.28,0.032,0.307
hsa05417,Lipid and atheroscle,NFKB1->ICAM1,NFKB1,ICAM1,0.28,0.28,0.032,0.307
hsa05418,Fluid shear stress a,NFKB1->ICAM1,NFKB1,ICAM1,0.28,0.28,0.032,0.307
hsa04919,Thyroid hormone sign,THRB->CCND1,THRB,CCND1,-0.28,0.28,0.037,0.32
hsa04070,Phosphatidylinositol,PIP5K1C->PTEN,PIP5K1C,PTEN,0.279,0.279,0.023,0.278
hsa04660,T cell receptor sign,NFATC1->TNF,NFATC1,TNF,-0.279,0.279,0.014,0.226
hsa05161,Hepatitis B,NFATC1->TNF,NFATC1,TNF,-0.279,0.279,0.014,0.226
hsa04070,Phosphatidylinositol,INPP5B->INPP4A,INPP5B,INPP4A,0.278,0.278,0,0.043
hsa04148,mTOR signaling pathw,NFATC1->HIF1A,NFATC1,HIF1A,0.277,0.277,0.002,0.108
hsa00270,Cysteine and methionine,AHCYL1->KYAT3,AHCYL1,KYAT3,-0.277,0.277,0.03,0.302
hsa05418,Fluid shear stress a,NFE2L2->SQSTM1,NFE2L2,SQSTM1,0.275,0.275,0.001,0.055
hsa00280,"Valine, leucine",ACAT1->OXCT1,ACAT1,OXCT1,-0.275,0.275,0.032,0.307
hsa00410,β-Alanine metabolism,AOC2->SMOX,AOC2,SMOX,0.275,0.275,0.03,0.302
hsa00330,Arginine and proline,OAT->ALDH4A1,OAT,ALDH4A1,-0.274,0.274,0.014,0.229
hsa00051,Fructose & mannose,ALDOA->TKFC,ALDOA,TKFC,0.273,0.273,0.011,0.213
hsa04659,Th17 cell differenti,MAPK14->RORC,MAPK14,RORC,0.272,0.272,0.043,0.339
hsa05164,Influenza A,IRF9->PML,IRF9,PML,0.271,0.271,0.005,0.146
hsa00250,"Alanine, aspartate",CAD->GLUL,CAD,GLUL,-0.271,0.271,0.038,0.322
hsa00600,Sphingolipid metabol,GLA->B4GALT6,GLA,B4GALT6,-0.269,0.269,0.022,0.276
hsa00240,Pyrimidine metabolism,CAD->DHODH,CAD,DHODH,-0.268,0.268,0.031,0.307
hsa00620,Pyruvate metabolism ,ACAT1->ACACA,ACAT1,ACACA,-0.266,0.266,0.002,0.11
hsa00564,Glycerophospholipid ,LPCAT3->LYPLA1,LPCAT3,LYPLA1,-0.263,0.263,0.004,0.137
hsa00280,"Valine, leucine",ALDH6A1->HIBADH,ALDH6A1,HIBADH,-0.263,0.263,0.001,0.062
hsa00240,Pyrimidine metabolism,DUT->DTYMK,DUT,DTYMK,-0.258,0.258,0.007,0.166
hsa00230,Purine metabolism,CANT1->IMPDH1,CANT1,IMPDH1,-0.258,0.258,0,0.043
hsa00030,Pentose phosphate,PGM2->RBKS,PGM2,RBKS,-0.257,0.257,0.024,0.278
hsa00604,Glycosphingolipid bi,HEXA->B3GALT4,HEXA,B3GALT4,0.257,0.257,0.027,0.29
hsa00520,Amino sugar and nucleotide,NAGK->AMDHD2,NAGK,AMDHD2,0.256,0.256,0.049,0.355
hsa00051,Fructose & mannose,HK1->PFKFB1,HK1,PFKFB1,-0.255,0.255,0.04,0.329
hsa00062,Fatty acid elongation,MECR->PPT1,MECR,PPT1,0.253,0.253,0.024,0.28
hsa05200,Pathways in cancer,CEBPA->MYC,CEBPA,MYC,0.253,0.253,0.01,0.208
hsa04931,Insulin resistance g,MLXIP->ACACB,MLXIP,ACACB,0.253,0.253,0.023,0.278
hsa00513,Various types of N‑glycan,B4GALT1->ST3GAL3,B4GALT1,ST3GAL3,0.25,0.25,0.006,0.162
hsa00515,Mannose‑type O‑glycan,B4GALT1->ST3GAL3,B4GALT1,ST3GAL3,0.25,0.25,0.006,0.162
hsa00640,Propanoate metabolis,ALDH6A1->ACSS2,ALDH6A1,ACSS2,0.249,0.249,0.005,0.159
hsa05200,Pathways in cancer,RPS6KA5->MYC,RPS6KA5,MYC,-0.248,0.248,0.006,0.162
hsa00280,"Valine, leucine",AACS->ACAT1,AACS,ACAT1,-0.248,0.248,0.014,0.23
hsa00650,Butanoate metabolism,AACS->ACAT1,AACS,ACAT1,-0.248,0.248,0.014,0.23
hsa00564,Glycerophospholipid ,LYPLA1->LPCAT3,LYPLA1,LPCAT3,-0.248,0.248,0.013,0.223
hsa00030,Pentose phosphate,TKT->FBP1,TKT,FBP1,-0.246,0.246,0.049,0.355
hsa00920,Sulfur metabolism,ETHE1->MPST,ETHE1,MPST,-0.244,0.244,0.021,0.258
hsa00250,"Alanine, aspartate",NIT2->IL4I1,NIT2,IL4I1,-0.243,0.243,0.02,0.256
hsa00520,Amino sugar and nucleotide,NAGK->RENBP,NAGK,RENBP,0.242,0.242,0.008,0.179
hsa00562,Inositol phosphate m,PIK3C2A->INPP4A,PIK3C2A,INPP4A,0.242,0.242,0.038,0.324
hsa00030,Pentose phosphate,RBKS->PGM2,RBKS,PGM2,-0.24,0.24,0.028,0.291
hsa00513,Various types of N‑glycan,B4GALNT3->CHST8,B4GALNT3,CHST8,0.238,0.238,0.04,0.329
hsa00030,Pentose phosphate,TKT->PFKL,TKT,PFKL,0.238,0.238,0.014,0.23
hsa04115,p53 signaling pathwa,TP53->COP1,TP53,COP1,-0.237,0.237,0.001,0.046
hsa00640,Propanoate metabolis,ALDH6A1->ACACA,ALDH6A1,ACACA,-0.237,0.237,0.001,0.071
hsa00260,"Glycine, serine",GAMT->GATM,GAMT,GATM,0.236,0.236,0.019,0.254
hsa00330,Arginine and proline,GAMT->GATM,GAMT,GATM,0.236,0.236,0.019,0.254
hsa00520,Amino sugar and nucleotide,GNPDA1->GPI,GNPDA1,GPI,-0.231,0.231,0.045,0.34
hsa00380,Tryptophan metabolism,HAAO->KYNU,HAAO,KYNU,-0.231,0.231,0.014,0.23
hsa00600,Sphingolipid metabol,SGMS2->PLPP1,SGMS2,PLPP1,0.23,0.23,0.049,0.355
hsa00310,Lysine degradation,DHTKD1->DLD,DHTKD1,DLD,-0.23,0.23,0,0.043
hsa04657,IL‑17 signaling path,FOS->PTGS2,FOS,PTGS2,-0.228,0.228,0.025,0.286
hsa00510,N‑Glycan biosynthesis,DOLPP1->DPAGT1,DOLPP1,DPAGT1,-0.227,0.227,0,0.045
hsa04340,Hedgehog signaling p,GLI1->CCND1,GLI1,CCND1,-0.227,0.227,0.019,0.254
hsa04340,Hedgehog signaling p,GLI1->CCND1,GLI1,CCND1,-0.227,0.227,0.019,0.254
hsa00860,Porphyrin and chloro,UROD->UROS,UROD,UROS,-0.227,0.227,0.007,0.169
hsa04659,Th17 cell differenti,GATA3->RORC,GATA3,RORC,-0.226,0.226,0.031,0.307
hsa00650,Butanoate metabolism,BDH1->OXCT1,BDH1,OXCT1,-0.226,0.226,0.006,0.164
hsa00061,Fatty acid biosynthesis,OXSM->MECR,OXSM,MECR,-0.225,0.225,0.026,0.29
hsa05200,Pathways in cancer,SPI1->CSF3R,SPI1,CSF3R,-0.225,0.225,0.003,0.114
hsa00030,Pentose phosphate,FBP1->TALDO1,FBP1,TALDO1,-0.223,0.223,0.013,0.224
hsa05230,Central carbon metab,MYC->PKM,MYC,PKM,0.222,0.222,0.021,0.258
hsa00564,Glycerophospholipid ,PTDSS2->LPCAT3,PTDSS2,LPCAT3,0.222,0.222,0.036,0.315
hsa00562,Inositol phosphate m,INPP4A->PIK3C3,INPP4A,PIK3C3,-0.222,0.222,0.032,0.307
hsa00900,Terpenoid backbone b,RCE1->CHURC1-FNTB,RCE1,CHURC1-FNTB,0.222,0.222,0.011,0.208
hsa00620,Pyruvate metabolism ,ACSS2->ACACA,ACSS2,ACACA,0.221,0.221,0.012,0.218
hsa00010,Glycolysis,ALDOA->GAPDH,ALDOA,GAPDH,-0.221,0.221,0.004,0.137
hsa05143,African trypanosomia,TNF->ICAM1,TNF,ICAM1,-0.22,0.22,0.042,0.337
hsa00510,N‑Glycan biosynthesis,B4GALT1->ST6GAL1,B4GALT1,ST6GAL1,0.22,0.22,0.05,0.355
hsa00280,"Valine, leucine",ALDH6A1->ABAT,ALDH6A1,ABAT,0.218,0.218,0.047,0.349
hsa00410,β-Alanine metabolism,ALDH6A1->ABAT,ALDH6A1,ABAT,0.218,0.218,0.047,0.349
hsa00750,Vitamin B6 metabolis,PHOSPHO2->PNPO,PHOSPHO2,PNPO,-0.217,0.217,0.001,0.049
hsa00564,Glycerophospholipid ,LPCAT3->PTDSS2,LPCAT3,PTDSS2,0.216,0.216,0.04,0.329
hsa05165,Human papillomavirus,FOXO1->CDKN1B,FOXO1,CDKN1B,-0.216,0.216,0.045,0.34
hsa05231,Choline metabolism i,MAPK1->PLA2G4B,MAPK1,PLA2G4B,0.215,0.215,0.01,0.208
hsa00760,Nicotinate and nicot,NADSYN1->NADK2,NADSYN1,NADK2,0.214,0.214,0.034,0.309
hsa00541,Biosynthesis of vari,NANP->NPL,NANP,NPL,-0.214,0.214,0.022,0.275
hsa04070,Phosphatidylinositol,PTEN->CDIPT,PTEN,CDIPT,0.213,0.213,0.045,0.34
hsa00760,Nicotinate and nicot,NUDT13->SARM1,NUDT13,SARM1,-0.213,0.213,0.012,0.22
hsa00564,Glycerophospholipid ,LPCAT3->CEPT1,LPCAT3,CEPT1,-0.213,0.213,0.003,0.119
hsa00310,Lysine degradation,EHMT2->CAMKMT,EHMT2,CAMKMT,-0.212,0.212,0.017,0.25
hsa00230,Purine metabolism,ATIC->NT5C1B-RDH14,ATIC,NT5C1B-RDH14,0.211,0.211,0.039,0.326
hsa00062,Fatty acid elongation,MECR->ECHS1,MECR,ECHS1,-0.211,0.211,0.023,0.278
hsa00785,Lipoic acid metaboli,OGDH->DLD,OGDH,DLD,-0.21,0.21,0.032,0.307
hsa00071,Fatty acid degradation,ECHS1->ACOX1,ECHS1,ACOX1,0.209,0.209,0.029,0.297
hsa00410,β-Alanine metabolism,ECHS1->ACOX1,ECHS1,ACOX1,0.209,0.209,0.029,0.297
hsa00640,Propanoate metabolis,ECHS1->ACOX1,ECHS1,ACOX1,0.209,0.209,0.029,0.297
hsa00270,Cysteine and methionine,PSAT1->PHGDH,PSAT1,PHGDH,0.208,0.208,0.038,0.322
hsa00230,Purine metabolism,ITPA->GMPS,ITPA,GMPS,-0.207,0.207,0.001,0.075
hsa00010,Glycolysis,PDHA1->DLD,PDHA1,DLD,0.207,0.207,0.021,0.266
hsa00240,Pyrimidine metabolism,TYMP->DPYD,TYMP,DPYD,-0.204,0.204,0.008,0.175
hsa00983,Drug metabolism,TYMP->DPYD,TYMP,DPYD,-0.204,0.204,0.008,0.175
hsa00051,Fructose & mannose,PFKL->ALDOA,PFKL,ALDOA,0.204,0.204,0.019,0.255
hsa04614,Renin–angiotensin sy,CTSG->ENPEP,CTSG,ENPEP,0.203,0.203,0.018,0.253
hsa05152,Tuberculosis,RFX5->CD74,RFX5,CD74,-0.203,0.203,0.045,0.34
hsa00860,Porphyrin and chloro,HMOX1->BLVRA,HMOX1,BLVRA,0.203,0.203,0.027,0.29
hsa04658,Th1 and Th2 cell dif,TBX21->GATA3,TBX21,GATA3,-0.2,0.2,0.006,0.162
hsa04660,T cell receptor sign,NFATC1->CDK4,NFATC1,CDK4,-0.2,0.2,0.035,0.314
hsa00450,Selenocompound metabolism,CTH->TXNRD2,CTH,TXNRD2,-0.2,0.2,0.002,0.09
hsa00564,Glycerophospholipid ,SAMD8->PTDSS2,SAMD8,PTDSS2,0.199,0.199,0.027,0.29
hsa00440,Phosphonate and metabolism,PCYT1A->CEPT1,PCYT1A,CEPT1,-0.199,0.199,0.003,0.131
hsa00600,Sphingolipid metabol,GLA->GALC,GLA,GALC,-0.199,0.199,0.003,0.131
hsa00512,Mucin‑type O‑glycan ,GCNT1->POC1B-GALNT4,GCNT1,POC1B-GALNT4,-0.199,0.199,0.043,0.339
hsa00920,Sulfur metabolism,ETHE1->SUOX,ETHE1,SUOX,-0.198,0.198,0.027,0.29
hsa00240,Pyrimidine metabolism,NT5C1B-RDH14->UMPS,NT5C1B-RDH14,UMPS,-0.197,0.197,0.001,0.061
hsa00380,Tryptophan metabolism,KMO->KYNU,KMO,KYNU,-0.196,0.196,0.033,0.308
hsa00230,Purine metabolism,ITPA->NME6,ITPA,NME6,0.196,0.196,0,0.045
hsa00062,Fatty acid elongation,ECHS1->HADH,ECHS1,HADH,-0.194,0.194,0.006,0.166
hsa00280,"Valine, leucine",MCCC1->IVD,MCCC1,IVD,-0.194,0.194,0.043,0.339
hsa00250,"Alanine, aspartate",PPAT->GLUL,PPAT,GLUL,-0.194,0.194,0.028,0.291
hsa00120,Primary bile acid,CYP7B1->HSD3B7,CYP7B1,HSD3B7,0.194,0.194,0.004,0.137
hsa00510,N‑Glycan biosynthesis,ALG8->ALG6,ALG8,ALG6,0.192,0.192,0.003,0.131
hsa00410,β-Alanine metabolism,CARNS1->ALDH2,CARNS1,ALDH2,0.185,0.185,0.009,0.197
hsa00565,Ether lipid metaboli,GDPD1->PLA2G4B,GDPD1,PLA2G4B,-0.184,0.184,0.019,0.254
hsa00230,Purine metabolism,ENPP1->PDE10A,ENPP1,PDE10A,0.183,0.183,0.045,0.34
hsa00062,Fatty acid elongation,ECHS1->MECR,ECHS1,MECR,-0.181,0.181,0.037,0.321
hsa00240,Pyrimidine metabolism,DTYMK->HDDC2,DTYMK,HDDC2,-0.181,0.181,0.039,0.326
hsa00640,Propanoate metabolis,ALDH6A1->DBT,ALDH6A1,DBT,-0.181,0.181,0.008,0.177
hsa00980,Metabolism of xenobi,EPHX1->GSTO2,EPHX1,GSTO2,0.181,0.181,0.034,0.308
hsa00030,Pentose phosphate,TALDO1->TKT,TALDO1,TKT,-0.18,0.18,0.004,0.132
hsa00520,Amino sugar and nucleotide,FCSK->FPGT,FCSK,FPGT,0.18,0.18,0.045,0.34
hsa00620,Pyruvate metabolism ,LDHD->ME3,LDHD,ME3,-0.18,0.18,0.036,0.314
hsa00512,Mucin‑type O‑glycan ,POC1B-GALNT4->C1GALT1C1,POC1B-GALNT4,C1GALT1C1,-0.179,0.179,0.043,0.34
hsa04066,HIF‑1 signaling path,STAT3->HIF1A,STAT3,HIF1A,-0.178,0.178,0,0.043
hsa04659,Th17 cell differenti,STAT3->HIF1A,STAT3,HIF1A,-0.178,0.178,0,0.043
hsa00071,Fatty acid degradation,ACADM->ACAT1,ACADM,ACAT1,0.174,0.174,0.015,0.231
hsa00562,Inositol phosphate m,ITPK1->INPP1,ITPK1,INPP1,-0.174,0.174,0.028,0.291
hsa00900,Terpenoid backbone b,ZMPSTE24->CHURC1-FNTB,ZMPSTE24,CHURC1-FNTB,-0.174,0.174,0.026,0.29
hsa00052,Galactose metabolism,GLA->GLB1,GLA,GLB1,-0.173,0.173,0.001,0.056
hsa00600,Sphingolipid metabol,GLA->GLB1,GLA,GLB1,-0.173,0.173,0.001,0.056
hsa04211,Longevity regulating,PRKACA->EHMT2,PRKACA,EHMT2,0.172,0.172,0.031,0.307
hsa05202,Transcriptional misr,CEBPA->PER2,CEBPA,PER2,0.17,0.17,0.011,0.208
hsa00562,Inositol phosphate m,PLCD3->PTEN,PLCD3,PTEN,-0.17,0.17,0.027,0.29
hsa04070,Phosphatidylinositol,PLCD3->PTEN,PLCD3,PTEN,-0.17,0.17,0.027,0.29
hsa00230,Purine metabolism,RRM2B->NME6,RRM2B,NME6,-0.169,0.169,0.004,0.137
hsa00983,Drug metabolism,RRM2B->NME6,RRM2B,NME6,-0.169,0.169,0.004,0.137
hsa00600,Sphingolipid metabol,B4GALT6->ARSA,B4GALT6,ARSA,-0.167,0.167,0.019,0.254
hsa00230,Purine metabolism,PRUNE1->HDDC3,PRUNE1,HDDC3,-0.165,0.165,0.038,0.322
hsa00250,"Alanine, aspartate",PPAT->CAD,PPAT,CAD,-0.165,0.165,0.008,0.176
hsa00983,Drug metabolism,TPMT->HPRT1,TPMT,HPRT1,-0.163,0.163,0.026,0.29
hsa00670,One carbon pool by f,MTHFD1L->MTHFD2,MTHFD1L,MTHFD2,0.163,0.163,0.035,0.314
hsa00061,Fatty acid biosynthesis,FASN->MECR,FASN,MECR,-0.163,0.163,0.021,0.258
hsa05012,Parkinson disease ge,NFE2L2->TXN2,NFE2L2,TXN2,0.161,0.161,0.05,0.355
hsa05418,Fluid shear stress a,NFE2L2->TXN2,NFE2L2,TXN2,0.161,0.161,0.05,0.355
hsa05200,Pathways in cancer,EPAS1->TGFA,EPAS1,TGFA,-0.161,0.161,0.006,0.166
hsa05211,Renal cell carcinoma,EPAS1->TGFA,EPAS1,TGFA,-0.161,0.161,0.006,0.166
hsa00520,Amino sugar and nucleotide,GNPNAT1->PGM3,GNPNAT1,PGM3,-0.161,0.161,0,0.043
hsa00230,Purine metabolism,CANT1->NME6,CANT1,NME6,-0.16,0.16,0.004,0.137
hsa04210,Apoptosis,JUN->TP53,JUN,TP53,0.16,0.16,0.019,0.254
hsa00640,Propanoate metabolis,ACOX1->ECHDC1,ACOX1,ECHDC1,-0.16,0.16,0.011,0.208
hsa00010,Glycolysis,GAPDH->PGK1,GAPDH,PGK1,-0.159,0.159,0.002,0.108
hsa00603,Glycosphingolipid bi,NAGA->HEXA,NAGA,HEXA,0.159,0.159,0.006,0.166
hsa00450,Selenocompound metabolism,SEPHS2->SCLY,SEPHS2,SCLY,0.159,0.159,0.037,0.32
hsa00860,Porphyrin and chloro,PPOX->CPOX,PPOX,CPOX,-0.158,0.158,0.019,0.254
hsa00270,Cysteine and methionine,MAT2B->AMD1,MAT2B,AMD1,0.155,0.155,0.037,0.32
hsa00513,Various types of N‑glycan,MAN2A2->FUT8,MAN2A2,FUT8,0.155,0.155,0.03,0.304
hsa00561,Glycerolipid metabol,CEL->MGLL,CEL,MGLL,-0.153,0.153,0.027,0.291
hsa00601,Glycosphingolipid bi,B4GALT2->B3GNT5,B4GALT2,B3GNT5,0.153,0.153,0.048,0.351
hsa00071,Fatty acid degradation,ACADM->CPT2,ACADM,CPT2,-0.153,0.153,0.036,0.316
hsa04380,Osteoclast different,FOS->CTSK,FOS,CTSK,-0.152,0.152,0.03,0.303
hsa00061,Fatty acid biosynthesis,MCAT->ACACA,MCAT,ACACA,-0.152,0.152,0.023,0.278
hsa00410,β-Alanine metabolism,UPB1->CNDP2,UPB1,CNDP2,0.151,0.151,0.001,0.063
hsa00531,Glycosaminoglycan degradation,IDUA->SGSH,IDUA,SGSH,0.15,0.15,0.035,0.314
hsa00240,Pyrimidine metabolism,CTPS1->NME6,CTPS1,NME6,0.15,0.15,0.015,0.23
hsa00240,Pyrimidine metabolism,NT5C1B-RDH14->DCTD,NT5C1B-RDH14,DCTD,-0.149,0.149,0.003,0.113
hsa00280,"Valine, leucine",ECHS1->IVD,ECHS1,IVD,-0.149,0.149,0.041,0.335
hsa00601,Glycosphingolipid bi,GCNT2->B4GALT1,GCNT2,B4GALT1,-0.148,0.148,0.034,0.309
hsa00230,Purine metabolism,GUK1->NT5C1B-RDH14,GUK1,NT5C1B-RDH14,-0.143,0.143,0.01,0.202
hsa00600,Sphingolipid metabol,UGT8->SGPP2,UGT8,SGPP2,0.143,0.143,0.01,0.203
hsa00600,Sphingolipid metabol,UGT8->UGCG,UGT8,UGCG,0.143,0.143,0.017,0.247
hsa04380,Osteoclast different,PPARG->FOS,PPARG,FOS,-0.14,0.14,0.002,0.102
hsa04310,Wnt signaling pathwa,LEF1->MYC,LEF1,MYC,0.139,0.139,0,0.043
hsa05132,Salmonella infection,LEF1->MYC,LEF1,MYC,0.139,0.139,0,0.043
hsa05167,Kaposi sarcoma‑assoc,LEF1->MYC,LEF1,MYC,0.139,0.139,0,0.043
hsa05200,Pathways in cancer,LEF1->MYC,LEF1,MYC,0.139,0.139,0,0.043
hsa05210,Bladder cancer,LEF1->MYC,LEF1,MYC,0.139,0.139,0,0.043
hsa05213,Endometrial cancer,LEF1->MYC,LEF1,MYC,0.139,0.139,0,0.043
hsa05216,Thyroid cancer – Hom,LEF1->MYC,LEF1,MYC,0.139,0.139,0,0.043
hsa05224,Breast cancer – Homo,LEF1->MYC,LEF1,MYC,0.139,0.139,0,0.043
hsa05225,Hepatocellular carci,LEF1->MYC,LEF1,MYC,0.139,0.139,0,0.043
hsa05226,Gastric cancer – Hom,LEF1->MYC,LEF1,MYC,0.139,0.139,0,0.043
hsa00520,Amino sugar and nucleotide,AMDHD2->GFPT1,AMDHD2,GFPT1,-0.138,0.138,0.041,0.335
hsa05202,Transcriptional misr,SPI1->ITGAM,SPI1,ITGAM,-0.138,0.138,0.033,0.307
hsa00650,Butanoate metabolism,OXCT1->ACAT1,OXCT1,ACAT1,0.134,0.134,0.007,0.175
hsa00010,Glycolysis,ALDOA->TPI1,ALDOA,TPI1,-0.132,0.132,0.029,0.294
hsa00230,Purine metabolism,PDE7B->NT5C1B-RDH14,PDE7B,NT5C1B-RDH14,-0.132,0.132,0.015,0.23
hsa00051,Fructose & mannose,KHK->ALDOA,KHK,ALDOA,0.131,0.131,0.01,0.201
hsa00061,Fatty acid biosynthesis,OXSM->CBR4,OXSM,CBR4,0.125,0.125,0.03,0.3
hsa04070,Phosphatidylinositol,PTEN->INPP4A,PTEN,INPP4A,-0.124,0.124,0.005,0.158
hsa00270,Cysteine and methionine,MTR->KYAT3,MTR,KYAT3,0.122,0.122,0.045,0.34
hsa00450,Selenocompound metabolism,MTR->KYAT3,MTR,KYAT3,0.122,0.122,0.045,0.34
hsa04650,Natural killer cell ,P3R3URF-PIK3R3->VAV3,P3R3URF-PIK3R3,VAV3,0.122,0.122,0.032,0.307
hsa00564,Glycerophospholipid ,PLAAT3->LCAT,PLAAT3,LCAT,-0.121,0.121,0.032,0.307
hsa00640,Propanoate metabolis,ACOX1->ACSS2,ACOX1,ACSS2,-0.12,0.12,0.045,0.34
hsa00600,Sphingolipid metabol,GBA1->GALC,GBA1,GALC,-0.12,0.12,0.038,0.324
hsa00240,Pyrimidine metabolism,CMPK2->NT5C1B-RDH14,CMPK2,NT5C1B-RDH14,0.119,0.119,0.023,0.278
hsa00531,Glycosaminoglycan degradation,IDUA->ARSB,IDUA,ARSB,0.119,0.119,0.031,0.307
hsa00230,Purine metabolism,NT5C1B-RDH14->ITPA,NT5C1B-RDH14,ITPA,-0.115,0.115,0.049,0.355
hsa00760,Nicotinate and nicot,SARM1->NADK2,SARM1,NADK2,-0.114,0.114,0.033,0.308
hsa00350,Tyrosine metabolism,MIF->IL4I1,MIF,IL4I1,-0.109,0.109,0.05,0.355
hsa00360,Phenylalanine metabolism,MIF->IL4I1,MIF,IL4I1,-0.109,0.109,0.05,0.355
hsa00330,Arginine and proline,ARG1->ODC1,ARG1,ODC1,0.107,0.107,0.021,0.258
hsa00600,Sphingolipid metabol,PLPP1->ACER3,PLPP1,ACER3,0.107,0.107,0.027,0.29
hsa00562,Inositol phosphate m,PLCD3->PIK3CA,PLCD3,PIK3CA,-0.106,0.106,0.01,0.201
hsa00590,Arachidonic acid met,ALOX12->PTGS1,ALOX12,PTGS1,-0.105,0.105,0.016,0.234
hsa05211,Renal cell carcinoma,EPAS1->VEGFA,EPAS1,VEGFA,-0.105,0.105,0.031,0.307
hsa04070,Phosphatidylinositol,PLCD3->PIKFYVE,PLCD3,PIKFYVE,-0.104,0.104,0.002,0.108
hsa00564,Glycerophospholipid ,PGS1->CRLS1,PGS1,CRLS1,-0.103,0.103,0.001,0.049
hsa00604,Glycosphingolipid bi,ST8SIA5->ST6GALNAC3,ST8SIA5,ST6GALNAC3,-0.101,0.101,0.048,0.351
hsa00480,Glutathione metabolism,CHAC2->GSS,CHAC2,GSS,-0.099,0.099,0.024,0.281
hsa00230,Purine metabolism,NUDT16->NME6,NUDT16,NME6,-0.098,0.098,0.012,0.223
hsa04380,Osteoclast different,ATP2A1->PPP3CA,ATP2A1,PPP3CA,-0.097,0.097,0.003,0.132
hsa00600,Sphingolipid metabol,SGPP2->SGPL1,SGPP2,SGPL1,0.097,0.097,0.006,0.166
hsa05140,Leishmaniasis,FCGR3B->PRKCB,FCGR3B,PRKCB,-0.096,0.096,0.002,0.09
hsa00010,Glycolysis,GALM->ADPGK,GALM,ADPGK,0.095,0.095,0.001,0.073
hsa00500,Starch and sucrose,MGAM->AGL,MGAM,AGL,-0.094,0.094,0.006,0.166
hsa05166,Human T‑cell leukemi,TCF3->BAX,TCF3,BAX,0.093,0.093,0.037,0.32
hsa00590,Arachidonic acid met,ALOX15B->PTGS1,ALOX15B,PTGS1,0.092,0.092,0.012,0.223
hsa00640,Propanoate metabolis,ACSS3->ACSS2,ACSS3,ACSS2,-0.091,0.091,0.01,0.201
hsa00061,Fatty acid biosynthesis,FASN->ACACA,FASN,ACACA,-0.09,0.09,0.04,0.33
hsa00562,Inositol phosphate m,PLCD3->INPP5B,PLCD3,INPP5B,0.09,0.09,0.034,0.309
hsa04070,Phosphatidylinositol,PLCD3->INPP5B,PLCD3,INPP5B,0.09,0.09,0.034,0.309
hsa00983,Drug metabolism,IMPDH1->GMPS,IMPDH1,GMPS,0.088,0.088,0.036,0.314
hsa00760,Nicotinate and nicot,NNMT->BST1,NNMT,BST1,-0.084,0.084,0.018,0.251
hsa00230,Purine metabolism,GUCY1A2->NUDT2,GUCY1A2,NUDT2,0.084,0.084,0.015,0.23
hsa00052,Galactose metabolism,GALM->GLB1,GALM,GLB1,0.081,0.081,0.015,0.23
hsa00564,Glycerophospholipid ,PLD4->AGPAT1,PLD4,AGPAT1,-0.08,0.08,0.015,0.23
hsa00230,Purine metabolism,PDE7B->AK6,PDE7B,AK6,-0.08,0.08,0.026,0.29
hsa00760,Nicotinate and nicot,NMNAT2->SARM1,NMNAT2,SARM1,0.079,0.079,0.02,0.257
hsa05143,African trypanosomia,IFNG->ICAM1,IFNG,ICAM1,-0.079,0.079,0.049,0.355
hsa04070,Phosphatidylinositol,PLCD3->IMPA1,PLCD3,IMPA1,-0.074,0.074,0.049,0.355
hsa04960,Aldosterone‑regulate,NR3C2->KRAS,NR3C2,KRAS,0.068,0.068,0.045,0.34
hsa04070,Phosphatidylinositol,P3R3URF-PIK3R3->MTM1,P3R3URF-PIK3R3,MTM1,0.062,0.062,0.042,0.337
hsa00760,Nicotinate and nicot,NMNAT2->NADK2,NMNAT2,NADK2,0.058,0.058,0.007,0.171
hsa00590,Arachidonic acid met,ALOX15->PTGS1,ALOX15,PTGS1,-0.058,0.058,0.048,0.354
hsa00590,Arachidonic acid met,ALOX15->ALOX5,ALOX15,ALOX5,0.054,0.054,0.028,0.291
hsa00230,Purine metabolism,PDE7B->ADSL,PDE7B,ADSL,-0.053,0.053,0.027,0.29
hsa00760,Nicotinate and nicot,NMNAT2->NADSYN1,NMNAT2,NADSYN1,-0.05,0.05,0.009,0.195
hsa00330,Arginine and proline,AOC1->SAT2,AOC1,SAT2,-0.031,0.031,0.047,0.349
hsa00590,Arachidonic acid met,ALOX15->PLA2G4B,ALOX15,PLA2G4B,-0.027,0.027,0.042,0.335
hsa00591,Linoleic acid metabo,ALOX15->PLA2G4B,ALOX15,PLA2G4B,-0.027,0.027,0.042,0.335
hsa00564,Glycerophospholipid ,PLD4->PLD4,PLD4,PLD4,0,0,0.017,0.242
hsa00561,Glycerolipid metabol,CEL->CEL,CEL,CEL,0,0,0.008,0.186
hsa04614,Renin–angiotensin sy,ANPEP->ANPEP,ANPEP,ANPEP,0,0,0,0.043
hsa00770,Pantothenate and CoA,COASY->COASY,COASY,COASY,0,0,0.016,0.24