geneSet,description,link,size,overlap,expect,enrichmentRatio,pValue,FDR,overlapId
R-HSA-6785807,Interleukin-4 and Interleukin-13 signaling,http://reactome.org/PathwayBrowser/#/R-HSA-6785807,108,32,3.898806139852189,8.207640711577719,0,0,149233;2308;2353;240;246;2625;3091;3162;3383;356;3565;3566;3576;3586;3592;3606;3662;3684;4609;51561;5443;5743;595;596;6097;6772;6774;6778;7040;7124;7157;7422
R-HSA-446193,"Biosynthesis of the N-glycan precursor (dolichol lipid-linked oligosaccharide, LLO) and transfer to a nascent protein",http://reactome.org/PathwayBrowser/#/R-HSA-446193,78,25,2.815804434337692,8.878457500504744,0,0,140838;1798;197258;256435;2673;2720;29880;29906;29929;51005;5238;54187;55577;56052;57171;5973;6480;64841;6487;79053;79087;79796;80896;85365;8790
R-HSA-15869,Metabolism of nucleotides,http://reactome.org/PathwayBrowser/#/R-HSA-15869,101,26,3.6461057418988063,7.130895766742028,1.1102230246251565e-15,5.103325169860303e-13,100;100526794;131870;132;1503;158;1635;1723;1806;1841;1854;1890;25961;2987;3251;3614;3704;471;50484;51727;51733;5471;54963;7372;8833;978
R-HSA-449147,Signaling by Interleukins,http://reactome.org/PathwayBrowser/#/R-HSA-449147,462,51,16.678226264923254,3.0578791287452702,5.544453784978032e-13,1.9114504423711765e-10,1432;1441;149233;2308;2353;240;246;2625;2919;3091;3162;3383;3458;3559;356;3565;3566;3576;3586;3592;3594;3606;3627;3662;3684;3725;4282;4609;4790;51561;5290;5443;5566;5594;5599;5743;595;596;6097;6772;6774;6775;6776;6778;6888;7040;7124;7157;7422;8878;9252
R-HSA-446219,Synthesis of substrates in N-glycan biosythesis,http://reactome.org/PathwayBrowser/#/R-HSA-446219,63,18,2.2743035815804435,7.914510686164229,4.25570689799315e-12,1.1737239624665107e-9,140838;197258;256435;2673;2720;29880;29906;51005;5238;54187;55577;57171;5973;6480;64841;6487;80896;8790
R-HSA-71387,Metabolism of carbohydrates,http://reactome.org/PathwayBrowser/#/R-HSA-71387,275,35,9.927515633882889,3.5255547602004293,6.380473926981267e-11,1.466445590884528e-8,10007;11041;178;2131;2203;226;231;23729;25796;2597;26007;2683;2720;3073;3425;3795;5207;5211;5226;5230;5315;55276;5566;64080;6448;6487;6652;6888;7086;7167;83440;8702;8703;8704;9331
R-HSA-71291,Metabolism of amino acids and derivatives,http://reactome.org/PathwayBrowser/#/R-HSA-71291,370,41,13.357021034678795,3.0695467120663973,1.1375200781316153e-10,2.240914553919282e-8,11112;1491;1629;1638;1737;1738;22928;23474;23498;25828;2593;259307;262;26227;2628;27034;27165;27232;2752;29968;3712;383;4329;4357;4548;4837;4942;4967;51540;5160;54498;55526;56267;56922;57571;6470;6821;8564;8659;8942;89874
R-HSA-8978868,Fatty acid metabolism,http://reactome.org/PathwayBrowser/#/R-HSA-8978868,177,27,6.389710062535531,4.22554384091819,1.7929080442513623e-10,3.090525241278286e-8,10728;1376;1545;1892;197322;2194;239;240;246;247;27306;27349;2879;3033;31;32;34;35;5095;51;51102;51422;5538;5742;5743;7923;84869
R-HSA-196849,Metabolism of water-soluble vitamins and cofactors,http://reactome.org/PathwayBrowser/#/R-HSA-196849,123,21,4.440306992609438,4.729402727098137,2.4854036606569707e-9,3.80819072005107e-7,10797;119391;133686;2194;23057;23475;25902;31;32;4337;4522;4548;4837;5095;5167;55163;55191;56922;5743;6470;80347
R-HSA-446203,Asparagine N-linked glycosylation,http://reactome.org/PathwayBrowser/#/R-HSA-446203,302,34,10.902217168845937,3.1186316942170302,3.232885736892399e-9,4.4581494311746185e-7,140838;1798;197258;2530;256435;2673;2683;2720;29880;29906;29929;4122;51005;5238;54187;55577;56052;57171;5973;64377;6480;64841;6487;7039;79053;79087;79796;80896;85365;8702;8703;8704;8790;9331
R-HSA-196854,Metabolism of vitamins and cofactors,http://reactome.org/PathwayBrowser/#/R-HSA-196854,189,25,6.82291074474133,3.6641253176686246,1.7361128756832045e-8,2.1764542323337626e-6,10797;119391;133686;2194;23057;23475;23590;25902;2643;31;32;4023;4337;4522;4548;4837;5095;5167;54884;55163;55191;56922;5743;6470;80347
R-HSA-3781860,Diseases associated with N-glycosylation of proteins,http://reactome.org/PathwayBrowser/#/R-HSA-3781860,17,8,0.6137009664582149,13.035664659564613,4.899826233639715e-8,5.197584904760898e-6,1798;2683;29929;56052;79053;79087;79796;85365
R-HSA-189445,Metabolism of porphyrins,http://reactome.org/PathwayBrowser/#/R-HSA-189445,17,8,0.6137009664582149,13.035664659564613,4.899826233639715e-8,5.197584904760898e-6,1352;1355;1371;3162;5498;644;7389;7390
R-HSA-428157,Sphingolipid metabolism,http://reactome.org/PathwayBrowser/#/R-HSA-428157,89,16,3.2129050596930075,4.979916836238167,9.636201325768923e-8,9.491658305882389e-6,130367;142891;166929;2531;2581;2629;2717;2720;3073;410;55331;7357;7368;8611;8706;8879
R-HSA-975576,N-glycan antennae elongation in the medial/trans-Golgi,http://reactome.org/PathwayBrowser/#/R-HSA-975576,26,9,0.938601478112564,9.588734100545123,1.7170329047466737e-7,1.5785255837637756e-5,2530;2683;4122;64377;6480;8702;8703;8704;9331
R-HSA-8956320,Nucleobase biosynthesis,http://reactome.org/PathwayBrowser/#/R-HSA-8956320,15,7,0.5415008527572485,12.927034120734907,3.789234546136555e-7,3.0737379053660646e-5,158;1723;3614;471;5471;7372;8833
R-HSA-71336,Pentose phosphate pathway,http://reactome.org/PathwayBrowser/#/R-HSA-71336,15,7,0.5415008527572485,12.927034120734907,3.789234546136555e-7,3.0737379053660646e-5,23729;25796;5226;55276;64080;6888;7086
R-HSA-70895,Branched-chain amino acid catabolism,http://reactome.org/PathwayBrowser/#/R-HSA-70895,23,8,0.8303013075611143,9.63505648750428,8.164995604076353e-7,6.12089005949463e-5,11112;1629;1738;27034;3712;4329;56922;6470
R-HSA-189451,Heme biosynthesis,http://reactome.org/PathwayBrowser/#/R-HSA-189451,11,6,0.39710062535531554,15.109520400858983,8.433423577258736e-7,6.12089005949463e-5,1352;1355;1371;5498;7389;7390
R-HSA-1638074,Keratan sulfate/keratin metabolism,http://reactome.org/PathwayBrowser/#/R-HSA-1638074,34,9,1.2274019329164298,7.332561371005094,2.2297856235864444e-6,1.5374371874628536e-4,11041;2683;2720;3073;6487;8702;8703;8704;9331
R-HSA-6788656,"Histidine, lysine, phenylalanine, tyrosine, proline and tryptophan catabolism",http://reactome.org/PathwayBrowser/#/R-HSA-6788656,46,10,1.6606026151222286,6.0219103046901745,4.256477497799338e-6,2.7950868902215653e-4,1738;23498;259307;4967;56267;57571;8564;8659;8942;89874
R-HSA-6783783,Interleukin-10 signaling,http://reactome.org/PathwayBrowser/#/R-HSA-6783783,47,10,1.6967026719727119,5.893784553526554,5.23526132112373e-6,3.281556982649829e-4,2919;3383;3576;3586;3592;3606;3627;5743;6774;7124
R-HSA-447115,Interleukin-12 family signaling,http://reactome.org/PathwayBrowser/#/R-HSA-447115,58,11,2.0938032973280274,5.253597610643497,5.807923388667646e-6,3.4822288491185584e-4,149233;3458;3586;3592;3594;4282;51561;6772;6774;6775;6888
R-HSA-499943,Interconversion of nucleotide di- and triphosphates,http://reactome.org/PathwayBrowser/#/R-HSA-499943,30,8,1.083001705514497,7.386876640419947,7.804569295943864e-6,4.28355075249469e-4,1503;1635;1841;1854;25961;2987;50484;51727
R-HSA-1483257,Phospholipid metabolism,http://reactome.org/PathwayBrowser/#/R-HSA-1483257,212,22,7.653212052302445,2.87461001337097,8.057066256839107e-6,4.28355075249469e-4,100137049;10162;10390;10400;10423;10554;11145;11343;122618;200576;23396;23761;284161;3631;4534;5130;5286;5289;5290;54675;5728;81490
R-HSA-975577,N-Glycan antennae elongation,http://reactome.org/PathwayBrowser/#/R-HSA-975577,15,6,0.5415008527572485,11.08031496062992,8.076310338278603e-6,4.28355075249469e-4,2683;6480;8702;8703;8704;9331
R-HSA-1483249,Inositol phosphate metabolism,http://reactome.org/PathwayBrowser/#/R-HSA-1483249,50,10,1.8050028425241615,5.54015748031496,9.42831809935818e-6,4.81542617000553e-4,113026;122618;253430;3612;3628;3631;3632;3633;3705;5728
R-HSA-389661,Glyoxylate metabolism and glycine degradation,http://reactome.org/PathwayBrowser/#/R-HSA-389661,31,8,1.1191017623649802,7.148590297180594,1.0191002708825891e-5,5.019068834096752e-4,1629;1737;1738;27232;4967;5160;55526;8659
R-HSA-450341,Activation of the AP-1 family of transcription factors,http://reactome.org/PathwayBrowser/#/R-HSA-450341,10,5,0.3610005685048323,13.8503937007874,1.295800319822682e-5,6.161753934605098e-4,1432;2353;3725;5594;5599
R-HSA-4085001,Sialic acid metabolism,http://reactome.org/PathwayBrowser/#/R-HSA-4085001,33,8,1.1913018760659466,6.71534240038177,1.6835021003469564e-5,7.738497987928177e-4,140838;256435;2720;29906;54187;6480;6487;80896
R-HSA-77286,mitochondrial fatty acid beta-oxidation of saturated fatty acids,http://reactome.org/PathwayBrowser/#/R-HSA-77286,11,5,0.39710062535531554,12.591267000715819,2.3053553898755297e-5,0.0010255113169801147,1892;3033;34;35;51102
R-HSA-1660662,Glycosphingolipid metabolism,http://reactome.org/PathwayBrowser/#/R-HSA-1660662,46,9,1.6606026151222286,5.419719274221157,3.190448936662982e-5,0.0013748840886432037,2581;2629;2717;2720;3073;410;7357;7368;8706
R-HSA-73817,Purine ribonucleoside monophosphate biosynthesis,http://reactome.org/PathwayBrowser/#/R-HSA-73817,12,5,0.43320068220579877,11.541994750656167,3.8352209793646175e-5,0.0016026574941041842,158;3614;471;5471;8833
R-HSA-2142753,Arachidonic acid metabolism,http://reactome.org/PathwayBrowser/#/R-HSA-2142753,59,10,2.1299033541785106,4.695048712131323,4.3162714973288274e-5,0.0017506289396518981,10728;1545;239;240;246;247;27306;2879;5742;5743
R-HSA-2022854,Keratan sulfate biosynthesis,http://reactome.org/PathwayBrowser/#/R-HSA-2022854,28,7,1.0108015918135305,6.9251968503937,4.640289959068067e-5,0.0018282742438728182,11041;2683;6487;8702;8703;8704;9331
R-HSA-1614558,Degradation of cysteine and homocysteine,http://reactome.org/PathwayBrowser/#/R-HSA-1614558,14,5,0.5054007959067652,9.893138357705286,9.130635319576363e-5,0.0034030124609988666,1491;23474;25828;4357;6821
R-HSA-1855183,"Synthesis of IP2, IP, and Ins in the cytosol",http://reactome.org/PathwayBrowser/#/R-HSA-1855183,14,5,0.5054007959067652,9.893138357705286,9.130635319576363e-5,0.0034030124609988666,3612;3628;3631;3632;3633
R-HSA-5668914,Diseases of metabolism,http://reactome.org/PathwayBrowser/#/R-HSA-5668914,105,13,3.7905059693007392,3.4296212973378326,9.902541017881017e-5,0.003593580016752085,1545;2720;31;3425;3795;4548;5095;5443;56922;6448;6888;7172;9420
R-HSA-8956321,Nucleotide salvage,http://reactome.org/PathwayBrowser/#/R-HSA-8956321,23,6,0.8303013075611143,7.226292365628209,1.2740800399013708e-4,0.00450501634621536,100;132;1890;3251;54963;978
R-HSA-3781865,Diseases of glycosylation,http://reactome.org/PathwayBrowser/#/R-HSA-3781865,138,15,4.981807845366686,3.0109551523450873,1.3303560612731857e-4,0.004586402521239308,10585;1798;2131;2673;2683;29071;29929;3073;55624;56052;6487;79053;79087;79796;85365
R-HSA-1660516,Synthesis of PIPs at the early endosome membrane,http://reactome.org/PathwayBrowser/#/R-HSA-1660516,16,5,0.5776009096077317,8.656496062992126,1.8764454088748828e-4,0.0062861047628436735,200576;3631;4534;5286;5289
R-HSA-70171,Glycolysis,http://reactome.org/PathwayBrowser/#/R-HSA-70171,70,10,2.527003979533826,3.9572553430821147,1.91454967396254e-4,0.0062861047628436735,10007;226;2597;5207;5211;5230;5315;5566;7167;83440
R-HSA-2022377,Metabolism of Angiotensinogen to Angiotensins,http://reactome.org/PathwayBrowser/#/R-HSA-2022377,17,5,0.6137009664582149,8.147290412227884,2.5800537033826565e-4,0.008086122856737916,1511;1636;2028;290;4311
R-HSA-9018677,Biosynthesis of DHA-derived SPMs,http://reactome.org/PathwayBrowser/#/R-HSA-9018677,17,5,0.6137009664582149,8.147290412227884,2.5800537033826565e-4,0.008086122856737916,239;240;246;2879;5743
R-HSA-74182,Ketone body metabolism,http://reactome.org/PathwayBrowser/#/R-HSA-74182,10,4,0.3610005685048323,11.08031496062992,2.9531207902377954e-4,0.008852942542908521,5019;622;65985;79611
R-HSA-9020958,Interleukin-21 signaling,http://reactome.org/PathwayBrowser/#/R-HSA-9020958,10,4,0.3610005685048323,11.08031496062992,2.9531207902377954e-4,0.008852942542908521,6772;6774;6775;6776
R-HSA-77289,Mitochondrial Fatty Acid Beta-Oxidation,http://reactome.org/PathwayBrowser/#/R-HSA-77289,37,7,1.3357021034678795,5.240689508406043,3.0484131789543234e-4,0.008944173986761728,1892;27349;3033;34;35;5095;51102
R-HSA-70326,Glucose metabolism,http://reactome.org/PathwayBrowser/#/R-HSA-70326,90,11,3.249005116543491,3.3856517935258092,3.7731705630494883e-4,0.010840004596760926,10007;2203;226;2597;5207;5211;5230;5315;5566;7167;83440
R-HSA-1614635,Sulfur amino acid metabolism,http://reactome.org/PathwayBrowser/#/R-HSA-1614635,28,6,1.0108015918135305,5.935883014623172,4.080712924718899e-4,0.011484292088137473,1491;23474;25828;4357;4548;6821
R-HSA-1660517,Synthesis of PIPs at the late endosome membrane,http://reactome.org/PathwayBrowser/#/R-HSA-1660517,11,4,0.39710062535531554,10.073013600572656,4.508883790952378e-4,0.01188382976012608,200576;4534;5286;5289
R-HSA-196780,Biotin transport and metabolism,http://reactome.org/PathwayBrowser/#/R-HSA-196780,11,4,0.39710062535531554,10.073013600572656,4.508883790952378e-4,0.01188382976012608,31;32;5095;56922
R-HSA-211859,Biological oxidations,http://reactome.org/PathwayBrowser/#/R-HSA-211859,223,19,8.050312677657761,2.3601567741252074,4.536062397877405e-4,0.01188382976012608,10728;119391;1545;2052;217;26;27306;27430;314;4548;4837;494143;5443;54498;55748;55902;5742;7172;9420
R-HSA-9018678,Biosynthesis of specialized proresolving mediators (SPMs),http://reactome.org/PathwayBrowser/#/R-HSA-9018678,19,5,0.6859010801591814,7.289680895151264,4.567389247909226e-4,0.01188382976012608,239;240;246;2879;5743
R-HSA-186763,Downstream signal transduction,http://reactome.org/PathwayBrowser/#/R-HSA-186763,29,6,1.0469016486640137,5.7311973934292695,4.990583106909696e-4,0.012744470563756428,3845;5290;6772;6774;6776;6778
R-HSA-163685,Integration of energy metabolism,http://reactome.org/PathwayBrowser/#/R-HSA-163685,110,12,3.9710062535531554,3.0219040801717965,5.957448669259291e-4,0.014936948572561023,10411;10554;10768;2194;2770;31;32;51422;5207;5566;6888;7086
R-HSA-8984722,Interleukin-35 Signalling,http://reactome.org/PathwayBrowser/#/R-HSA-8984722,12,4,0.43320068220579877,9.233595800524935,6.571564637459781e-4,0.01618247791974471,3592;6772;6774;6775
R-HSA-2426168,Activation of gene expression by SREBF (SREBP),http://reactome.org/PathwayBrowser/#/R-HSA-2426168,42,7,1.5162023877202957,4.616797900262467,6.839955526430908e-4,0.01641197870432368,2194;2224;31;32;3422;5465;6667
R-HSA-5173105,O-linked glycosylation,http://reactome.org/PathwayBrowser/#/R-HSA-5173105,112,12,4.043206367254122,2.967941507311586,7.013013300960491e-4,0.01641197870432368,100528030;10585;11041;120071;256435;2650;29071;55624;6480;6487;84002;9331
R-HSA-196807,Nicotinate metabolism,http://reactome.org/PathwayBrowser/#/R-HSA-196807,31,6,1.1191017623649802,5.361442722885445,7.27780716534232e-4,0.01641197870432368,133686;23057;23475;4837;55191;5743
R-HSA-450282,MAPK targets/ Nuclear events mediated by MAP kinases,http://reactome.org/PathwayBrowser/#/R-HSA-450282,31,6,1.1191017623649802,5.361442722885445,7.27780716534232e-4,0.01641197870432368,1432;2353;3725;5594;5599;9252
R-HSA-70268,Pyruvate metabolism,http://reactome.org/PathwayBrowser/#/R-HSA-70268,31,6,1.1191017623649802,5.361442722885445,7.27780716534232e-4,0.01641197870432368,1737;1738;2739;3029;5160;5164
R-HSA-71406,Pyruvate metabolism and Citric Acid (TCA) cycle,http://reactome.org/PathwayBrowser/#/R-HSA-71406,55,8,1.9855031267765777,4.029205440229062,7.378844667643714e-4,0.01641197870432368,1431;1737;1738;2739;3029;4967;5160;5164
R-HSA-1483206,Glycerophospholipid biosynthesis,http://reactome.org/PathwayBrowser/#/R-HSA-1483206,129,13,4.656907333712336,2.7915522187633526,7.65349406688931e-4,0.016752648124191045,100137049;10162;10390;10400;10423;10554;11145;11343;122618;23761;5130;54675;81490
R-HSA-1660661,Sphingolipid de novo biosynthesis,http://reactome.org/PathwayBrowser/#/R-HSA-1660661,43,7,1.552302444570779,4.509430507233107,7.920699826913236e-4,0.017066632908302112,130367;142891;166929;2531;55331;8611;8879
R-HSA-381340,Transcriptional regulation of white adipocyte differentiation,http://reactome.org/PathwayBrowser/#/R-HSA-381340,84,10,3.0324047754405914,3.297712785901762,8.515568120983641e-4,0.018066105290517602,1019;1050;1051;10891;4023;4790;5465;5468;7040;7124
R-HSA-2871796,FCERI mediated MAPK activation,http://reactome.org/PathwayBrowser/#/R-HSA-2871796,32,6,1.1552018192154634,5.193897637795275,8.688599267879793e-4,0.01815390665213066,10451;2353;3725;3845;5594;5599
R-HSA-71240,Tryptophan catabolism,http://reactome.org/PathwayBrowser/#/R-HSA-71240,14,4,0.5054007959067652,7.914510686164229,0.00125476079844411,0.025077031029774315,23498;56267;8564;8942
R-HSA-156581,Methylation,http://reactome.org/PathwayBrowser/#/R-HSA-156581,14,4,0.5054007959067652,7.914510686164229,0.00125476079844411,0.025077031029774315,27430;4548;4837;7172
R-HSA-200425,Import of palmitoyl-CoA into the mitochondrial matrix,http://reactome.org/PathwayBrowser/#/R-HSA-200425,14,4,0.5054007959067652,7.914510686164229,0.00125476079844411,0.025077031029774315,1376;31;32;51422
R-HSA-9020591,Interleukin-12 signaling,http://reactome.org/PathwayBrowser/#/R-HSA-9020591,48,7,1.732802728823195,4.039698162729659,0.0015504837748178124,0.0305445303639109,3458;3586;3592;3594;4282;6775;6888
R-HSA-211945,Phase I - Functionalization of compounds,http://reactome.org/PathwayBrowser/#/R-HSA-211945,107,11,3.8627060830017057,2.847744499227316,0.0016277743825980906,0.0316155052620108,10728;1545;2052;217;26;314;5443;54498;55902;5742;9420
R-HSA-2162123,Synthesis of Prostaglandins (PG) and Thromboxanes (TX),http://reactome.org/PathwayBrowser/#/R-HSA-2162123,15,4,0.5415008527572485,7.386876640419947,0.001662702407105865,0.03184536971387483,10728;27306;5742;5743
R-HSA-1630316,Glycosaminoglycan metabolism,http://reactome.org/PathwayBrowser/#/R-HSA-1630316,124,12,4.476407049459921,2.6807213614427226,0.0017170069202929739,0.03243496634361659,11041;2131;2683;2720;3073;3425;6448;6487;8702;8703;8704;9331
R-HSA-8956319,Nucleobase catabolism,http://reactome.org/PathwayBrowser/#/R-HSA-8956319,37,6,1.3357021034678795,4.492019578633752,0.0019147664802048325,0.035206173016032856,100526794;131870;1806;1890;3704;51733
R-HSA-75105,Fatty acyl-CoA biosynthesis,http://reactome.org/PathwayBrowser/#/R-HSA-75105,37,6,1.3357021034678795,4.492019578633752,0.0019147664802048325,0.035206173016032856,197322;2194;31;5538;7923;84869
R-HSA-913709,O-linked glycosylation of mucins,http://reactome.org/PathwayBrowser/#/R-HSA-913709,64,8,2.3104036384309268,3.46259842519685,0.0020237024923741576,0.03671954917084162,100528030;256435;2650;29071;6480;6487;84002;9331
R-HSA-204174,Regulation of pyruvate dehydrogenase (PDH) complex,http://reactome.org/PathwayBrowser/#/R-HSA-204174,16,4,0.5776009096077317,6.9251968503937,0.0021543883625119165,0.03858313703771341,1737;1738;5160;5164
R-HSA-9006931,Signaling by Nuclear Receptors,http://reactome.org/PathwayBrowser/#/R-HSA-9006931,199,16,7.183911313246163,2.2271989870612905,0.00228679807949117,0.04042941732844005,10728;112724;1737;1738;2353;2625;3725;4609;5160;5164;5594;595;596;6667;7039;861
R-HSA-8878159,Transcriptional regulation by RUNX3,http://reactome.org/PathwayBrowser/#/R-HSA-8878159,96,10,3.46560545764639,2.885498687664042,0.0023739439609802293,0.041438844584705516,1499;182;3845;4609;51176;595;6097;7040;7157;861
R-HSA-196757,Metabolism of folate and pterines,http://reactome.org/PathwayBrowser/#/R-HSA-196757,17,4,0.6137009664582149,6.517832329782307,0.0027378908216424414,0.04719439303806158,10797;25902;4522;6470
R-HSA-1855204,Synthesis of IP3 and IP4 in the cytosol,http://reactome.org/PathwayBrowser/#/R-HSA-1855204,28,5,1.0108015918135305,4.946569178852643,0.0029552238291068456,0.05012731761423893,113026;122618;3633;3705;5728
R-HSA-4420097,VEGFA-VEGFR2 Pathway,http://reactome.org/PathwayBrowser/#/R-HSA-4420097,99,10,3.57390562819784,2.798059333492404,0.002980739698598689,0.05012731761423893,10451;10768;1432;1499;2475;3845;5290;5566;5579;7422
R-HSA-8848021,Signaling by PTK6,http://reactome.org/PathwayBrowser/#/R-HSA-8848021,54,7,1.9494030699260945,3.590842811315252,0.0030995400270796836,0.05088411544455814,1019;1027;2034;3091;3845;595;6774
R-HSA-9006927,Signaling by Non-Receptor Tyrosine Kinases,http://reactome.org/PathwayBrowser/#/R-HSA-9006927,54,7,1.9494030699260945,3.590842811315252,0.0030995400270796836,0.05088411544455814,1019;1027;2034;3091;3845;595;6774
R-HSA-1483255,PI Metabolism,http://reactome.org/PathwayBrowser/#/R-HSA-1483255,84,9,3.0324047754405914,2.967941507311586,0.0031941821675892657,0.05182090834241879,200576;23396;284161;3631;4534;5286;5289;5290;5728
R-HSA-1839117,Signaling by cytosolic FGFR1 fusion mutants,http://reactome.org/PathwayBrowser/#/R-HSA-1839117,18,4,0.6498010233086982,6.15573053368329,0.0034210789393025465,0.05458855713509943,5290;6772;6774;6776
R-HSA-1655829,Regulation of cholesterol biosynthesis by SREBP (SREBF),http://reactome.org/PathwayBrowser/#/R-HSA-1655829,55,7,1.9855031267765777,3.5255547602004293,0.0034439481296255625,0.05458855713509943,2194;2224;31;32;3422;5465;6667
R-HSA-168898,Toll-like Receptor Cascades,http://reactome.org/PathwayBrowser/#/R-HSA-168898,155,13,5.595508811824901,2.3232918465836927,0.004001241166443403,0.06258635228680205,1432;1513;23098;2353;3661;3684;3725;4790;5289;5594;5599;6279;9252
R-HSA-4090294,SUMOylation of intracellular receptors,http://reactome.org/PathwayBrowser/#/R-HSA-4090294,30,5,1.083001705514497,4.616797900262467,0.004039293222280915,0.06258635228680205,4306;4929;5465;5468;7068
R-HSA-975578,Reactions specific to the complex N-glycan synthesis pathway,http://reactome.org/PathwayBrowser/#/R-HSA-975578,10,3,0.3610005685048323,8.31023622047244,0.004634985380486345,0.06901236164863285,2530;4122;64377
R-HSA-2151209,Activation of PPARGC1A (PGC-1alpha) by phosphorylation,http://reactome.org/PathwayBrowser/#/R-HSA-2151209,10,3,0.3610005685048323,8.31023622047244,0.004634985380486345,0.06901236164863285,10891;1432;51422
R-HSA-8877330,RUNX1 and FOXP3 control the development of regulatory T lymphocytes (Tregs),http://reactome.org/PathwayBrowser/#/R-HSA-8877330,10,3,0.3610005685048323,8.31023622047244,0.004634985380486345,0.06901236164863285,3458;3559;861
R-HSA-109606,Intrinsic Pathway for Apoptosis,http://reactome.org/PathwayBrowser/#/R-HSA-109606,44,6,1.5884025014212622,3.777380100214746,0.004704250902807461,0.06901236164863285,5599;581;596;637;6774;7157
R-HSA-451927,Interleukin-2 family signaling,http://reactome.org/PathwayBrowser/#/R-HSA-451927,44,6,1.5884025014212622,3.777380100214746,0.004704250902807461,0.06901236164863285,3559;5290;6772;6774;6775;6776
R-HSA-6803204,TP53 Regulates Transcription of Genes Involved in Cytochrome C Release,http://reactome.org/PathwayBrowser/#/R-HSA-6803204,20,4,0.7220011370096646,5.54015748031496,0.00511668517933872,0.074272724866401,581;637;665;7157
R-HSA-194138,Signaling by VEGF,http://reactome.org/PathwayBrowser/#/R-HSA-194138,107,10,3.8627060830017057,2.5888586356611962,0.0052167480638667385,0.0749364122924191,10451;10768;1432;1499;2475;3845;5290;5566;5579;7422
R-HSA-5218921,VEGFR2 mediated cell proliferation,http://reactome.org/PathwayBrowser/#/R-HSA-5218921,21,4,0.7581011938601478,5.276340457442819,0.006143417535006024,0.0847063960548051,10768;3845;5579;7422
R-HSA-5621575,CD209 (DC-SIGN) signaling,http://reactome.org/PathwayBrowser/#/R-HSA-5621575,21,4,0.7581011938601478,5.276340457442819,0.006143417535006024,0.0847063960548051,3845;4790;5566;9252
R-HSA-1234158,Regulation of gene expression by Hypoxia-inducible Factor,http://reactome.org/PathwayBrowser/#/R-HSA-1234158,11,3,0.39710062535531554,7.554760200429492,0.0062040217560082045,0.0847063960548051,2034;3091;7422
R-HSA-2206281,Mucopolysaccharidoses,http://reactome.org/PathwayBrowser/#/R-HSA-2206281,11,3,0.39710062535531554,7.554760200429492,0.0062040217560082045,0.0847063960548051,2720;3425;6448
R-HSA-73614,Pyrimidine salvage,http://reactome.org/PathwayBrowser/#/R-HSA-73614,11,3,0.39710062535531554,7.554760200429492,0.0062040217560082045,0.0847063960548051,1890;54963;978
R-HSA-2559582,Senescence-Associated Secretory Phenotype (SASP),http://reactome.org/PathwayBrowser/#/R-HSA-2559582,110,10,3.9710062535531554,2.518253400143164,0.006332306864514248,0.0856103055506387,1019;1027;1051;10919;2353;3576;3725;4790;5594;6774
R-HSA-70614,Amino acid synthesis and interconversion (transamination),http://reactome.org/PathwayBrowser/#/R-HSA-70614,34,5,1.2274019329164298,4.073645206113942,0.007010694588671207,0.09207378893121518,26227;27165;2752;29968;4942
R-HSA-70263,Gluconeogenesis,http://reactome.org/PathwayBrowser/#/R-HSA-70263,34,5,1.2274019329164298,4.073645206113942,0.007010694588671207,0.09207378893121518,2203;226;2597;5230;7167
R-HSA-5663084,Diseases of carbohydrate metabolism,http://reactome.org/PathwayBrowser/#/R-HSA-5663084,34,5,1.2274019329164298,4.073645206113942,0.007010694588671207,0.09207378893121518,2720;3425;3795;6448;6888
R-HSA-3296482,Defects in vitamin and cofactor metabolism,http://reactome.org/PathwayBrowser/#/R-HSA-3296482,22,4,0.7942012507106311,5.036506800286328,0.007298398019025987,0.09494802705883806,31;4548;5095;56922
R-HSA-450294,MAP kinase activation,http://reactome.org/PathwayBrowser/#/R-HSA-450294,64,7,2.3104036384309268,3.029773622047244,0.007999669878766102,0.10152103903999547,1432;2353;3725;4790;5594;5599;9252
R-HSA-71064,Lysine catabolism,http://reactome.org/PathwayBrowser/#/R-HSA-71064,12,3,0.43320068220579877,6.9251968503937,0.008052976853428873,0.10152103903999547,1738;4967;89874
R-HSA-73621,Pyrimidine catabolism,http://reactome.org/PathwayBrowser/#/R-HSA-73621,12,3,0.43320068220579877,6.9251968503937,0.008052976853428873,0.10152103903999547,1806;1890;51733
R-HSA-6798695,Neutrophil degranulation,http://reactome.org/PathwayBrowser/#/R-HSA-6798695,479,28,17.291927231381468,1.6192527082340176,0.008098124941551488,0.10152103903999547,124583;1432;1511;178;2215;226;240;26;2683;2717;2720;290;2919;3614;3684;383;410;4282;4311;4790;5211;5315;55276;5594;56954;6279;8972;978
R-HSA-383280,Nuclear Receptor transcription pathway,http://reactome.org/PathwayBrowser/#/R-HSA-383280,50,6,1.8050028425241615,3.324094488188976,0.00883957971042848,0.10981784162775562,4306;4929;5465;5468;6097;7068
R-HSA-2454202,Fc epsilon receptor (FCERI) signaling,http://reactome.org/PathwayBrowser/#/R-HSA-2454202,134,11,4.837407617964753,2.273945234457633,0.009124781301508955,0.11234886977482901,10451;10768;2353;3725;3845;4772;4790;5290;5530;5594;5599
R-HSA-168164,Toll Like Receptor 3 (TLR3) Cascade,http://reactome.org/PathwayBrowser/#/R-HSA-168164,99,9,3.57390562819784,2.518253400143164,0.009380565121323348,0.11447610002039732,1432;23098;2353;3661;3725;4790;5594;5599;9252
R-HSA-166166,MyD88-independent TLR4 cascade,http://reactome.org/PathwayBrowser/#/R-HSA-166166,100,9,3.610005685048323,2.493070866141732,0.009990993863694952,0.11908951500107329,1432;23098;2353;3661;3725;4790;5594;5599;9252
R-HSA-937061,TRIF(TICAM1)-mediated TLR4 signaling,http://reactome.org/PathwayBrowser/#/R-HSA-937061,100,9,3.610005685048323,2.493070866141732,0.009990993863694952,0.11908951500107329,1432;23098;2353;3661;3725;4790;5594;5599;9252
R-HSA-982772,Growth hormone receptor signaling,http://reactome.org/PathwayBrowser/#/R-HSA-982772,24,4,0.8664013644115975,4.616797900262467,0.010017682190083033,0.11908951500107329,5594;6772;6774;6776
R-HSA-74217,Purine salvage,http://reactome.org/PathwayBrowser/#/R-HSA-74217,13,3,0.469300739056282,6.392489400363416,0.01019216633665987,0.11911014727333864,100;132;3251
R-HSA-5607763,CLEC7A (Dectin-1) induces NFAT activation,http://reactome.org/PathwayBrowser/#/R-HSA-5607763,13,3,0.469300739056282,6.392489400363416,0.01019216633665987,0.11911014727333864,10768;4772;5530
R-HSA-2559583,Cellular Senescence,http://reactome.org/PathwayBrowser/#/R-HSA-2559583,195,14,7.0395110858442305,1.9887744801130625,0.011092364988079417,0.12854093545009676,1019;1027;1051;10919;1432;2353;3576;3725;4790;5594;5599;6667;6774;7157
R-HSA-5655302,Signaling by FGFR1 in disease,http://reactome.org/PathwayBrowser/#/R-HSA-5655302,38,5,1.3718021603183628,3.644840447575632,0.011246548074671736,0.12924158162476937,3845;5290;6772;6774;6776
R-HSA-8854691,Interleukin-20 family signaling,http://reactome.org/PathwayBrowser/#/R-HSA-8854691,25,4,0.9025014212620808,4.432125984251968,0.01159324656247307,0.13192593489993285,6772;6774;6775;6776
R-HSA-1660499,Synthesis of PIPs at the plasma membrane,http://reactome.org/PathwayBrowser/#/R-HSA-1660499,53,6,1.9133030130756112,3.1359381964046946,0.01167147502377941,0.13192593489993285,23396;3631;4534;5286;5290;5728
R-HSA-8950505,Gene and protein expression by JAK-STAT signaling after Interleukin-12 stimulation,http://reactome.org/PathwayBrowser/#/R-HSA-8950505,39,5,1.407902217168846,3.5513830002018976,0.01252852365311008,0.1404620659970634,3458;3586;4282;6775;6888
R-HSA-2980736,Peptide hormone metabolism,http://reactome.org/PathwayBrowser/#/R-HSA-2980736,89,8,3.2129050596930075,2.4899584181190835,0.01486089009389524,0.1639607069446256,1499;1511;1636;2028;290;3479;4311;5443
R-HSA-448424,Interleukin-17 signaling,http://reactome.org/PathwayBrowser/#/R-HSA-448424,72,7,2.5992040932347926,2.6931321084864392,0.01486228308054982,0.1639607069446256,1432;2353;3725;4790;5594;5599;9252
R-HSA-186797,Signaling by PDGF,http://reactome.org/PathwayBrowser/#/R-HSA-186797,58,6,2.0938032973280274,2.8655986967146347,0.017719933158506396,0.19389758383594252,3845;5290;6772;6774;6776;6778
R-HSA-877300,Interferon gamma signaling,http://reactome.org/PathwayBrowser/#/R-HSA-877300,92,8,3.3212052302444572,2.40876412187607,0.017857137887719143,0.19389758383594252,10379;3383;3458;3661;3662;5371;6772;85363
R-HSA-1433557,Signaling by SCF-KIT,http://reactome.org/PathwayBrowser/#/R-HSA-1433557,43,5,1.552302444570779,3.221021790880791,0.01863883438620073,0.19924769471760315,3845;5290;6772;6774;6776
R-HSA-5362517,Signaling by Retinoic Acid,http://reactome.org/PathwayBrowser/#/R-HSA-5362517,43,5,1.552302444570779,3.221021790880791,0.01863883438620073,0.19924769471760315,112724;1737;1738;5160;5164
